FLUSH TABLES;
#
# Bug#13737949: CRASH IN HA_PARTITION::INDEX_INIT
# Bug#18694052: SERVER CRASH IN HA_PARTITION::INIT_RECORD_PRIORITY_QUEUE
#
CREATE TABLE t1 (a INT, b VARCHAR(64), KEY(b,a))
PARTITION BY HASH (a) PARTITIONS 3;
INSERT INTO t1 VALUES (1, "1"), (2, "2"), (3, "3"), (4, "Four"), (5, "Five"),
(6, "Six"), (7, "Seven"), (8, "Eight"), (9, "Nine");
SET @saved_dbug=@@debug_dbug;
SET SESSION debug_dbug="+d,ha_partition_fail_index_init";
SELECT * FROM t1 WHERE b = "Seven";
ERROR HY000: Table has no partition for value 0
SET SESSION debug_dbug=@saved_dbug;
SELECT * FROM t1 WHERE b = "Seven";
a	b
7	Seven
DROP TABLE t1;
#
# WL#4445: EXCHANGE PARTITION WITH TABLE
# Verify ddl_log in case of crashing.
call mtr.add_suppression("Attempting backtrace. You can use the following information to find out");
call mtr.add_suppression('InnoDB: The log sequence numbers [0-9]+ and [0-9]+ in ibdata files do not match the log sequence number [0-9]+ in the ib_logfiles!');
SET @save_dbug=@@debug_dbug;
SET SESSION debug_dbug="+d,exchange_partition_abort_1";
CREATE TABLE t2 (a INT, b VARCHAR(64));
INSERT INTO t2 VALUES (5, "Original from table t2"), (6, "Original from table t2"), (7, "Original from table t2"), (8, "Original from table t2");
CREATE TABLE t1 (a INT, b VARCHAR(64)) PARTITION BY RANGE (a)
(PARTITION p0 VALUES LESS THAN (10),
PARTITION p1 VALUES LESS THAN MAXVALUE);
INSERT INTO t1 VALUES (1, "Original from partition p0"), (2, "Original from partition p0"), (3, "Original from partition p0"), (4, "Original from partition p0"), (11, "Original from partition p1"), (12, "Original from partition p1"), (13, "Original from partition p1"), (14, "Original from partition p1"), (21, "Original from partition p1"), (22, "Original from partition p1"), (23, "Original from partition p1"), (24, "Original from partition p1");
# d,exchange_partition_abort_1: BEFORE crash
db.opt
t1#P#p0.MYD
t1#P#p0.MYI
t1#P#p1.MYD
t1#P#p1.MYI
t1.frm
t1.par
t2.MYD
t2.MYI
t2.frm
SHOW CREATE TABLE t1;
Table	Create Table
t1	CREATE TABLE `t1` (
  `a` int(11) DEFAULT NULL,
  `b` varchar(64) DEFAULT NULL
) ENGINE=MyISAM DEFAULT CHARSET=latin1 COLLATE=latin1_swedish_ci
 PARTITION BY RANGE (`a`)
(PARTITION `p0` VALUES LESS THAN (10) ENGINE = MyISAM,
 PARTITION `p1` VALUES LESS THAN MAXVALUE ENGINE = MyISAM)
SELECT * FROM t1;
a	b
1	Original from partition p0
11	Original from partition p1
12	Original from partition p1
13	Original from partition p1
14	Original from partition p1
2	Original from partition p0
21	Original from partition p1
22	Original from partition p1
23	Original from partition p1
24	Original from partition p1
3	Original from partition p0
4	Original from partition p0
SHOW CREATE TABLE t2;
Table	Create Table
t2	CREATE TABLE `t2` (
  `a` int(11) DEFAULT NULL,
  `b` varchar(64) DEFAULT NULL
) ENGINE=MyISAM DEFAULT CHARSET=latin1 COLLATE=latin1_swedish_ci
SELECT * FROM t2;
a	b
5	Original from table t2
6	Original from table t2
7	Original from table t2
8	Original from table t2
ALTER TABLE t1 EXCHANGE PARTITION p0 WITH TABLE t2;
# d,exchange_partition_abort_1: AFTER crash
db.opt
t1#P#p0.MYD
t1#P#p0.MYI
t1#P#p1.MYD
t1#P#p1.MYI
t1.frm
t1.par
t2.MYD
t2.MYI
t2.frm
# d,exchange_partition_abort_1: AFTER recovery
db.opt
t1#P#p0.MYD
t1#P#p0.MYI
t1#P#p1.MYD
t1#P#p1.MYI
t1.frm
t1.par
t2.MYD
t2.MYI
t2.frm
SHOW CREATE TABLE t1;
Table	Create Table
t1	CREATE TABLE `t1` (
  `a` int(11) DEFAULT NULL,
  `b` varchar(64) DEFAULT NULL
) ENGINE=MyISAM DEFAULT CHARSET=latin1 COLLATE=latin1_swedish_ci
 PARTITION BY RANGE (`a`)
(PARTITION `p0` VALUES LESS THAN (10) ENGINE = MyISAM,
 PARTITION `p1` VALUES LESS THAN MAXVALUE ENGINE = MyISAM)
SELECT * FROM t1;
a	b
1	Original from partition p0
11	Original from partition p1
12	Original from partition p1
13	Original from partition p1
14	Original from partition p1
2	Original from partition p0
21	Original from partition p1
22	Original from partition p1
23	Original from partition p1
24	Original from partition p1
3	Original from partition p0
4	Original from partition p0
SHOW CREATE TABLE t2;
Table	Create Table
t2	CREATE TABLE `t2` (
  `a` int(11) DEFAULT NULL,
  `b` varchar(64) DEFAULT NULL
) ENGINE=MyISAM DEFAULT CHARSET=latin1 COLLATE=latin1_swedish_ci
SELECT * FROM t2;
a	b
5	Original from table t2
6	Original from table t2
7	Original from table t2
8	Original from table t2
DROP TABLE t1;
DROP TABLE t2;
SET SESSION debug_dbug=@save_dbug;
SET SESSION debug_dbug="+d,exchange_partition_abort_2";
CREATE TABLE t2 (a INT, b VARCHAR(64));
INSERT INTO t2 VALUES (5, "Original from table t2"), (6, "Original from table t2"), (7, "Original from table t2"), (8, "Original from table t2");
CREATE TABLE t1 (a INT, b VARCHAR(64)) PARTITION BY RANGE (a)
(PARTITION p0 VALUES LESS THAN (10),
PARTITION p1 VALUES LESS THAN MAXVALUE);
INSERT INTO t1 VALUES (1, "Original from partition p0"), (2, "Original from partition p0"), (3, "Original from partition p0"), (4, "Original from partition p0"), (11, "Original from partition p1"), (12, "Original from partition p1"), (13, "Original from partition p1"), (14, "Original from partition p1"), (21, "Original from partition p1"), (22, "Original from partition p1"), (23, "Original from partition p1"), (24, "Original from partition p1");
# d,exchange_partition_abort_2: BEFORE crash
db.opt
t1#P#p0.MYD
t1#P#p0.MYI
t1#P#p1.MYD
t1#P#p1.MYI
t1.frm
t1.par
t2.MYD
t2.MYI
t2.frm
SHOW CREATE TABLE t1;
Table	Create Table
t1	CREATE TABLE `t1` (
  `a` int(11) DEFAULT NULL,
  `b` varchar(64) DEFAULT NULL
) ENGINE=MyISAM DEFAULT CHARSET=latin1 COLLATE=latin1_swedish_ci
 PARTITION BY RANGE (`a`)
(PARTITION `p0` VALUES LESS THAN (10) ENGINE = MyISAM,
 PARTITION `p1` VALUES LESS THAN MAXVALUE ENGINE = MyISAM)
SELECT * FROM t1;
a	b
1	Original from partition p0
11	Original from partition p1
12	Original from partition p1
13	Original from partition p1
14	Original from partition p1
2	Original from partition p0
21	Original from partition p1
22	Original from partition p1
23	Original from partition p1
24	Original from partition p1
3	Original from partition p0
4	Original from partition p0
SHOW CREATE TABLE t2;
Table	Create Table
t2	CREATE TABLE `t2` (
  `a` int(11) DEFAULT NULL,
  `b` varchar(64) DEFAULT NULL
) ENGINE=MyISAM DEFAULT CHARSET=latin1 COLLATE=latin1_swedish_ci
SELECT * FROM t2;
a	b
5	Original from table t2
6	Original from table t2
7	Original from table t2
8	Original from table t2
ALTER TABLE t1 EXCHANGE PARTITION p0 WITH TABLE t2;
# d,exchange_partition_abort_2: AFTER crash
db.opt
t1#P#p0.MYD
t1#P#p0.MYI
t1#P#p1.MYD
t1#P#p1.MYI
t1.frm
t1.par
t2.MYD
t2.MYI
t2.frm
# d,exchange_partition_abort_2: AFTER recovery
db.opt
t1#P#p0.MYD
t1#P#p0.MYI
t1#P#p1.MYD
t1#P#p1.MYI
t1.frm
t1.par
t2.MYD
t2.MYI
t2.frm
SHOW CREATE TABLE t1;
Table	Create Table
t1	CREATE TABLE `t1` (
  `a` int(11) DEFAULT NULL,
  `b` varchar(64) DEFAULT NULL
) ENGINE=MyISAM DEFAULT CHARSET=latin1 COLLATE=latin1_swedish_ci
 PARTITION BY RANGE (`a`)
(PARTITION `p0` VALUES LESS THAN (10) ENGINE = MyISAM,
 PARTITION `p1` VALUES LESS THAN MAXVALUE ENGINE = MyISAM)
SELECT * FROM t1;
a	b
1	Original from partition p0
11	Original from partition p1
12	Original from partition p1
13	Original from partition p1
14	Original from partition p1
2	Original from partition p0
21	Original from partition p1
22	Original from partition p1
23	Original from partition p1
24	Original from partition p1
3	Original from partition p0
4	Original from partition p0
SHOW CREATE TABLE t2;
Table	Create Table
t2	CREATE TABLE `t2` (
  `a` int(11) DEFAULT NULL,
  `b` varchar(64) DEFAULT NULL
) ENGINE=MyISAM DEFAULT CHARSET=latin1 COLLATE=latin1_swedish_ci
SELECT * FROM t2;
a	b
5	Original from table t2
6	Original from table t2
7	Original from table t2
8	Original from table t2
DROP TABLE t1;
DROP TABLE t2;
SET SESSION debug_dbug=@save_dbug;
SET SESSION debug_dbug="+d,exchange_partition_abort_3";
CREATE TABLE t2 (a INT, b VARCHAR(64));
INSERT INTO t2 VALUES (5, "Original from table t2"), (6, "Original from table t2"), (7, "Original from table t2"), (8, "Original from table t2");
CREATE TABLE t1 (a INT, b VARCHAR(64)) PARTITION BY RANGE (a)
(PARTITION p0 VALUES LESS THAN (10),
PARTITION p1 VALUES LESS THAN MAXVALUE);
INSERT INTO t1 VALUES (1, "Original from partition p0"), (2, "Original from partition p0"), (3, "Original from partition p0"), (4, "Original from partition p0"), (11, "Original from partition p1"), (12, "Original from partition p1"), (13, "Original from partition p1"), (14, "Original from partition p1"), (21, "Original from partition p1"), (22, "Original from partition p1"), (23, "Original from partition p1"), (24, "Original from partition p1");
# d,exchange_partition_abort_3: BEFORE crash
db.opt
t1#P#p0.MYD
t1#P#p0.MYI
t1#P#p1.MYD
t1#P#p1.MYI
t1.frm
t1.par
t2.MYD
t2.MYI
t2.frm
SHOW CREATE TABLE t1;
Table	Create Table
t1	CREATE TABLE `t1` (
  `a` int(11) DEFAULT NULL,
  `b` varchar(64) DEFAULT NULL
) ENGINE=MyISAM DEFAULT CHARSET=latin1 COLLATE=latin1_swedish_ci
 PARTITION BY RANGE (`a`)
(PARTITION `p0` VALUES LESS THAN (10) ENGINE = MyISAM,
 PARTITION `p1` VALUES LESS THAN MAXVALUE ENGINE = MyISAM)
SELECT * FROM t1;
a	b
1	Original from partition p0
11	Original from partition p1
12	Original from partition p1
13	Original from partition p1
14	Original from partition p1
2	Original from partition p0
21	Original from partition p1
22	Original from partition p1
23	Original from partition p1
24	Original from partition p1
3	Original from partition p0
4	Original from partition p0
SHOW CREATE TABLE t2;
Table	Create Table
t2	CREATE TABLE `t2` (
  `a` int(11) DEFAULT NULL,
  `b` varchar(64) DEFAULT NULL
) ENGINE=MyISAM DEFAULT CHARSET=latin1 COLLATE=latin1_swedish_ci
SELECT * FROM t2;
a	b
5	Original from table t2
6	Original from table t2
7	Original from table t2
8	Original from table t2
ALTER TABLE t1 EXCHANGE PARTITION p0 WITH TABLE t2;
# d,exchange_partition_abort_3: AFTER crash
db.opt
t1#P#p0.MYD
t1#P#p0.MYI
t1#P#p1.MYD
t1#P#p1.MYI
t1.frm
t1.par
t2.MYD
t2.MYI
t2.frm
# d,exchange_partition_abort_3: AFTER recovery
db.opt
t1#P#p0.MYD
t1#P#p0.MYI
t1#P#p1.MYD
t1#P#p1.MYI
t1.frm
t1.par
t2.MYD
t2.MYI
t2.frm
SHOW CREATE TABLE t1;
Table	Create Table
t1	CREATE TABLE `t1` (
  `a` int(11) DEFAULT NULL,
  `b` varchar(64) DEFAULT NULL
) ENGINE=MyISAM DEFAULT CHARSET=latin1 COLLATE=latin1_swedish_ci
 PARTITION BY RANGE (`a`)
(PARTITION `p0` VALUES LESS THAN (10) ENGINE = MyISAM,
 PARTITION `p1` VALUES LESS THAN MAXVALUE ENGINE = MyISAM)
SELECT * FROM t1;
a	b
1	Original from partition p0
11	Original from partition p1
12	Original from partition p1
13	Original from partition p1
14	Original from partition p1
2	Original from partition p0
21	Original from partition p1
22	Original from partition p1
23	Original from partition p1
24	Original from partition p1
3	Original from partition p0
4	Original from partition p0
SHOW CREATE TABLE t2;
Table	Create Table
t2	CREATE TABLE `t2` (
  `a` int(11) DEFAULT NULL,
  `b` varchar(64) DEFAULT NULL
) ENGINE=MyISAM DEFAULT CHARSET=latin1 COLLATE=latin1_swedish_ci
SELECT * FROM t2;
a	b
5	Original from table t2
6	Original from table t2
7	Original from table t2
8	Original from table t2
DROP TABLE t1;
DROP TABLE t2;
SET SESSION debug_dbug=@save_dbug;
SET SESSION debug_dbug="+d,exchange_partition_abort_4";
CREATE TABLE t2 (a INT, b VARCHAR(64));
INSERT INTO t2 VALUES (5, "Original from table t2"), (6, "Original from table t2"), (7, "Original from table t2"), (8, "Original from table t2");
CREATE TABLE t1 (a INT, b VARCHAR(64)) PARTITION BY RANGE (a)
(PARTITION p0 VALUES LESS THAN (10),
PARTITION p1 VALUES LESS THAN MAXVALUE);
INSERT INTO t1 VALUES (1, "Original from partition p0"), (2, "Original from partition p0"), (3, "Original from partition p0"), (4, "Original from partition p0"), (11, "Original from partition p1"), (12, "Original from partition p1"), (13, "Original from partition p1"), (14, "Original from partition p1"), (21, "Original from partition p1"), (22, "Original from partition p1"), (23, "Original from partition p1"), (24, "Original from partition p1");
# d,exchange_partition_abort_4: BEFORE crash
db.opt
t1#P#p0.MYD
t1#P#p0.MYI
t1#P#p1.MYD
t1#P#p1.MYI
t1.frm
t1.par
t2.MYD
t2.MYI
t2.frm
SHOW CREATE TABLE t1;
Table	Create Table
t1	CREATE TABLE `t1` (
  `a` int(11) DEFAULT NULL,
  `b` varchar(64) DEFAULT NULL
) ENGINE=MyISAM DEFAULT CHARSET=latin1 COLLATE=latin1_swedish_ci
 PARTITION BY RANGE (`a`)
(PARTITION `p0` VALUES LESS THAN (10) ENGINE = MyISAM,
 PARTITION `p1` VALUES LESS THAN MAXVALUE ENGINE = MyISAM)
SELECT * FROM t1;
a	b
1	Original from partition p0
11	Original from partition p1
12	Original from partition p1
13	Original from partition p1
14	Original from partition p1
2	Original from partition p0
21	Original from partition p1
22	Original from partition p1
23	Original from partition p1
24	Original from partition p1
3	Original from partition p0
4	Original from partition p0
SHOW CREATE TABLE t2;
Table	Create Table
t2	CREATE TABLE `t2` (
  `a` int(11) DEFAULT NULL,
  `b` varchar(64) DEFAULT NULL
) ENGINE=MyISAM DEFAULT CHARSET=latin1 COLLATE=latin1_swedish_ci
SELECT * FROM t2;
a	b
5	Original from table t2
6	Original from table t2
7	Original from table t2
8	Original from table t2
ALTER TABLE t1 EXCHANGE PARTITION p0 WITH TABLE t2;
# d,exchange_partition_abort_4: AFTER crash
#sql-exchange.frm
# d,exchange_partition_abort_4: AFTER recovery
db.opt
t1#P#p0.MYD
t1#P#p0.MYI
t1#P#p1.MYD
t1#P#p1.MYI
t1.frm
t1.par
t2.MYD
t2.MYI
t2.frm
SHOW CREATE TABLE t1;
Table	Create Table
t1	CREATE TABLE `t1` (
  `a` int(11) DEFAULT NULL,
  `b` varchar(64) DEFAULT NULL
) ENGINE=MyISAM DEFAULT CHARSET=latin1 COLLATE=latin1_swedish_ci
 PARTITION BY RANGE (`a`)
(PARTITION `p0` VALUES LESS THAN (10) ENGINE = MyISAM,
 PARTITION `p1` VALUES LESS THAN MAXVALUE ENGINE = MyISAM)
SELECT * FROM t1;
a	b
1	Original from partition p0
11	Original from partition p1
12	Original from partition p1
13	Original from partition p1
14	Original from partition p1
2	Original from partition p0
21	Original from partition p1
22	Original from partition p1
23	Original from partition p1
24	Original from partition p1
3	Original from partition p0
4	Original from partition p0
SHOW CREATE TABLE t2;
Table	Create Table
t2	CREATE TABLE `t2` (
  `a` int(11) DEFAULT NULL,
  `b` varchar(64) DEFAULT NULL
) ENGINE=MyISAM DEFAULT CHARSET=latin1 COLLATE=latin1_swedish_ci
SELECT * FROM t2;
a	b
5	Original from table t2
6	Original from table t2
7	Original from table t2
8	Original from table t2
DROP TABLE t1;
DROP TABLE t2;
SET SESSION debug_dbug=@save_dbug;
SET SESSION debug_dbug="+d,exchange_partition_abort_5";
CREATE TABLE t2 (a INT, b VARCHAR(64));
INSERT INTO t2 VALUES (5, "Original from table t2"), (6, "Original from table t2"), (7, "Original from table t2"), (8, "Original from table t2");
CREATE TABLE t1 (a INT, b VARCHAR(64)) PARTITION BY RANGE (a)
(PARTITION p0 VALUES LESS THAN (10),
PARTITION p1 VALUES LESS THAN MAXVALUE);
INSERT INTO t1 VALUES (1, "Original from partition p0"), (2, "Original from partition p0"), (3, "Original from partition p0"), (4, "Original from partition p0"), (11, "Original from partition p1"), (12, "Original from partition p1"), (13, "Original from partition p1"), (14, "Original from partition p1"), (21, "Original from partition p1"), (22, "Original from partition p1"), (23, "Original from partition p1"), (24, "Original from partition p1");
# d,exchange_partition_abort_5: BEFORE crash
db.opt
t1#P#p0.MYD
t1#P#p0.MYI
t1#P#p1.MYD
t1#P#p1.MYI
t1.frm
t1.par
t2.MYD
t2.MYI
t2.frm
SHOW CREATE TABLE t1;
Table	Create Table
t1	CREATE TABLE `t1` (
  `a` int(11) DEFAULT NULL,
  `b` varchar(64) DEFAULT NULL
) ENGINE=MyISAM DEFAULT CHARSET=latin1 COLLATE=latin1_swedish_ci
 PARTITION BY RANGE (`a`)
(PARTITION `p0` VALUES LESS THAN (10) ENGINE = MyISAM,
 PARTITION `p1` VALUES LESS THAN MAXVALUE ENGINE = MyISAM)
SELECT * FROM t1;
a	b
1	Original from partition p0
11	Original from partition p1
12	Original from partition p1
13	Original from partition p1
14	Original from partition p1
2	Original from partition p0
21	Original from partition p1
22	Original from partition p1
23	Original from partition p1
24	Original from partition p1
3	Original from partition p0
4	Original from partition p0
SHOW CREATE TABLE t2;
Table	Create Table
t2	CREATE TABLE `t2` (
  `a` int(11) DEFAULT NULL,
  `b` varchar(64) DEFAULT NULL
) ENGINE=MyISAM DEFAULT CHARSET=latin1 COLLATE=latin1_swedish_ci
SELECT * FROM t2;
a	b
5	Original from table t2
6	Original from table t2
7	Original from table t2
8	Original from table t2
ALTER TABLE t1 EXCHANGE PARTITION p0 WITH TABLE t2;
# d,exchange_partition_abort_5: AFTER crash
#sql-exchange.frm
# d,exchange_partition_abort_5: AFTER recovery
db.opt
t1#P#p0.MYD
t1#P#p0.MYI
t1#P#p1.MYD
t1#P#p1.MYI
t1.frm
t1.par
t2.MYD
t2.MYI
t2.frm
SHOW CREATE TABLE t1;
Table	Create Table
t1	CREATE TABLE `t1` (
  `a` int(11) DEFAULT NULL,
  `b` varchar(64) DEFAULT NULL
) ENGINE=MyISAM DEFAULT CHARSET=latin1 COLLATE=latin1_swedish_ci
 PARTITION BY RANGE (`a`)
(PARTITION `p0` VALUES LESS THAN (10) ENGINE = MyISAM,
 PARTITION `p1` VALUES LESS THAN MAXVALUE ENGINE = MyISAM)
SELECT * FROM t1;
a	b
1	Original from partition p0
11	Original from partition p1
12	Original from partition p1
13	Original from partition p1
14	Original from partition p1
2	Original from partition p0
21	Original from partition p1
22	Original from partition p1
23	Original from partition p1
24	Original from partition p1
3	Original from partition p0
4	Original from partition p0
SHOW CREATE TABLE t2;
Table	Create Table
t2	CREATE TABLE `t2` (
  `a` int(11) DEFAULT NULL,
  `b` varchar(64) DEFAULT NULL
) ENGINE=MyISAM DEFAULT CHARSET=latin1 COLLATE=latin1_swedish_ci
SELECT * FROM t2;
a	b
5	Original from table t2
6	Original from table t2
7	Original from table t2
8	Original from table t2
DROP TABLE t1;
DROP TABLE t2;
SET SESSION debug_dbug=@save_dbug;
SET SESSION debug_dbug="+d,exchange_partition_abort_6";
CREATE TABLE t2 (a INT, b VARCHAR(64));
INSERT INTO t2 VALUES (5, "Original from table t2"), (6, "Original from table t2"), (7, "Original from table t2"), (8, "Original from table t2");
CREATE TABLE t1 (a INT, b VARCHAR(64)) PARTITION BY RANGE (a)
(PARTITION p0 VALUES LESS THAN (10),
PARTITION p1 VALUES LESS THAN MAXVALUE);
INSERT INTO t1 VALUES (1, "Original from partition p0"), (2, "Original from partition p0"), (3, "Original from partition p0"), (4, "Original from partition p0"), (11, "Original from partition p1"), (12, "Original from partition p1"), (13, "Original from partition p1"), (14, "Original from partition p1"), (21, "Original from partition p1"), (22, "Original from partition p1"), (23, "Original from partition p1"), (24, "Original from partition p1");
# d,exchange_partition_abort_6: BEFORE crash
db.opt
t1#P#p0.MYD
t1#P#p0.MYI
t1#P#p1.MYD
t1#P#p1.MYI
t1.frm
t1.par
t2.MYD
t2.MYI
t2.frm
SHOW CREATE TABLE t1;
Table	Create Table
t1	CREATE TABLE `t1` (
  `a` int(11) DEFAULT NULL,
  `b` varchar(64) DEFAULT NULL
) ENGINE=MyISAM DEFAULT CHARSET=latin1 COLLATE=latin1_swedish_ci
 PARTITION BY RANGE (`a`)
(PARTITION `p0` VALUES LESS THAN (10) ENGINE = MyISAM,
 PARTITION `p1` VALUES LESS THAN MAXVALUE ENGINE = MyISAM)
SELECT * FROM t1;
a	b
1	Original from partition p0
11	Original from partition p1
12	Original from partition p1
13	Original from partition p1
14	Original from partition p1
2	Original from partition p0
21	Original from partition p1
22	Original from partition p1
23	Original from partition p1
24	Original from partition p1
3	Original from partition p0
4	Original from partition p0
SHOW CREATE TABLE t2;
Table	Create Table
t2	CREATE TABLE `t2` (
  `a` int(11) DEFAULT NULL,
  `b` varchar(64) DEFAULT NULL
) ENGINE=MyISAM DEFAULT CHARSET=latin1 COLLATE=latin1_swedish_ci
SELECT * FROM t2;
a	b
5	Original from table t2
6	Original from table t2
7	Original from table t2
8	Original from table t2
ALTER TABLE t1 EXCHANGE PARTITION p0 WITH TABLE t2;
# d,exchange_partition_abort_6: AFTER crash
#sql-exchange.frm
# d,exchange_partition_abort_6: AFTER recovery
db.opt
t1#P#p0.MYD
t1#P#p0.MYI
t1#P#p1.MYD
t1#P#p1.MYI
t1.frm
t1.par
t2.MYD
t2.MYI
t2.frm
SHOW CREATE TABLE t1;
Table	Create Table
t1	CREATE TABLE `t1` (
  `a` int(11) DEFAULT NULL,
  `b` varchar(64) DEFAULT NULL
) ENGINE=MyISAM DEFAULT CHARSET=latin1 COLLATE=latin1_swedish_ci
 PARTITION BY RANGE (`a`)
(PARTITION `p0` VALUES LESS THAN (10) ENGINE = MyISAM,
 PARTITION `p1` VALUES LESS THAN MAXVALUE ENGINE = MyISAM)
SELECT * FROM t1;
a	b
1	Original from partition p0
11	Original from partition p1
12	Original from partition p1
13	Original from partition p1
14	Original from partition p1
2	Original from partition p0
21	Original from partition p1
22	Original from partition p1
23	Original from partition p1
24	Original from partition p1
3	Original from partition p0
4	Original from partition p0
SHOW CREATE TABLE t2;
Table	Create Table
t2	CREATE TABLE `t2` (
  `a` int(11) DEFAULT NULL,
  `b` varchar(64) DEFAULT NULL
) ENGINE=MyISAM DEFAULT CHARSET=latin1 COLLATE=latin1_swedish_ci
SELECT * FROM t2;
a	b
5	Original from table t2
6	Original from table t2
7	Original from table t2
8	Original from table t2
DROP TABLE t1;
DROP TABLE t2;
SET SESSION debug_dbug=@save_dbug;
SET SESSION debug_dbug="+d,exchange_partition_abort_7";
CREATE TABLE t2 (a INT, b VARCHAR(64));
INSERT INTO t2 VALUES (5, "Original from table t2"), (6, "Original from table t2"), (7, "Original from table t2"), (8, "Original from table t2");
CREATE TABLE t1 (a INT, b VARCHAR(64)) PARTITION BY RANGE (a)
(PARTITION p0 VALUES LESS THAN (10),
PARTITION p1 VALUES LESS THAN MAXVALUE);
INSERT INTO t1 VALUES (1, "Original from partition p0"), (2, "Original from partition p0"), (3, "Original from partition p0"), (4, "Original from partition p0"), (11, "Original from partition p1"), (12, "Original from partition p1"), (13, "Original from partition p1"), (14, "Original from partition p1"), (21, "Original from partition p1"), (22, "Original from partition p1"), (23, "Original from partition p1"), (24, "Original from partition p1");
# d,exchange_partition_abort_7: BEFORE crash
db.opt
t1#P#p0.MYD
t1#P#p0.MYI
t1#P#p1.MYD
t1#P#p1.MYI
t1.frm
t1.par
t2.MYD
t2.MYI
t2.frm
SHOW CREATE TABLE t1;
Table	Create Table
t1	CREATE TABLE `t1` (
  `a` int(11) DEFAULT NULL,
  `b` varchar(64) DEFAULT NULL
) ENGINE=MyISAM DEFAULT CHARSET=latin1 COLLATE=latin1_swedish_ci
 PARTITION BY RANGE (`a`)
(PARTITION `p0` VALUES LESS THAN (10) ENGINE = MyISAM,
 PARTITION `p1` VALUES LESS THAN MAXVALUE ENGINE = MyISAM)
SELECT * FROM t1;
a	b
1	Original from partition p0
11	Original from partition p1
12	Original from partition p1
13	Original from partition p1
14	Original from partition p1
2	Original from partition p0
21	Original from partition p1
22	Original from partition p1
23	Original from partition p1
24	Original from partition p1
3	Original from partition p0
4	Original from partition p0
SHOW CREATE TABLE t2;
Table	Create Table
t2	CREATE TABLE `t2` (
  `a` int(11) DEFAULT NULL,
  `b` varchar(64) DEFAULT NULL
) ENGINE=MyISAM DEFAULT CHARSET=latin1 COLLATE=latin1_swedish_ci
SELECT * FROM t2;
a	b
5	Original from table t2
6	Original from table t2
7	Original from table t2
8	Original from table t2
ALTER TABLE t1 EXCHANGE PARTITION p0 WITH TABLE t2;
# d,exchange_partition_abort_7: AFTER crash
#sql-exchange.frm
# d,exchange_partition_abort_7: AFTER recovery
db.opt
t1#P#p0.MYD
t1#P#p0.MYI
t1#P#p1.MYD
t1#P#p1.MYI
t1.frm
t1.par
t2.MYD
t2.MYI
t2.frm
SHOW CREATE TABLE t1;
Table	Create Table
t1	CREATE TABLE `t1` (
  `a` int(11) DEFAULT NULL,
  `b` varchar(64) DEFAULT NULL
) ENGINE=MyISAM DEFAULT CHARSET=latin1 COLLATE=latin1_swedish_ci
 PARTITION BY RANGE (`a`)
(PARTITION `p0` VALUES LESS THAN (10) ENGINE = MyISAM,
 PARTITION `p1` VALUES LESS THAN MAXVALUE ENGINE = MyISAM)
SELECT * FROM t1;
a	b
1	Original from partition p0
11	Original from partition p1
12	Original from partition p1
13	Original from partition p1
14	Original from partition p1
2	Original from partition p0
21	Original from partition p1
22	Original from partition p1
23	Original from partition p1
24	Original from partition p1
3	Original from partition p0
4	Original from partition p0
SHOW CREATE TABLE t2;
Table	Create Table
t2	CREATE TABLE `t2` (
  `a` int(11) DEFAULT NULL,
  `b` varchar(64) DEFAULT NULL
) ENGINE=MyISAM DEFAULT CHARSET=latin1 COLLATE=latin1_swedish_ci
SELECT * FROM t2;
a	b
5	Original from table t2
6	Original from table t2
7	Original from table t2
8	Original from table t2
DROP TABLE t1;
DROP TABLE t2;
SET SESSION debug_dbug=@save_dbug;
SET SESSION debug_dbug="+d,exchange_partition_abort_8";
CREATE TABLE t2 (a INT, b VARCHAR(64));
INSERT INTO t2 VALUES (5, "Original from table t2"), (6, "Original from table t2"), (7, "Original from table t2"), (8, "Original from table t2");
CREATE TABLE t1 (a INT, b VARCHAR(64)) PARTITION BY RANGE (a)
(PARTITION p0 VALUES LESS THAN (10),
PARTITION p1 VALUES LESS THAN MAXVALUE);
INSERT INTO t1 VALUES (1, "Original from partition p0"), (2, "Original from partition p0"), (3, "Original from partition p0"), (4, "Original from partition p0"), (11, "Original from partition p1"), (12, "Original from partition p1"), (13, "Original from partition p1"), (14, "Original from partition p1"), (21, "Original from partition p1"), (22, "Original from partition p1"), (23, "Original from partition p1"), (24, "Original from partition p1");
# d,exchange_partition_abort_8: BEFORE crash
db.opt
t1#P#p0.MYD
t1#P#p0.MYI
t1#P#p1.MYD
t1#P#p1.MYI
t1.frm
t1.par
t2.MYD
t2.MYI
t2.frm
SHOW CREATE TABLE t1;
Table	Create Table
t1	CREATE TABLE `t1` (
  `a` int(11) DEFAULT NULL,
  `b` varchar(64) DEFAULT NULL
) ENGINE=MyISAM DEFAULT CHARSET=latin1 COLLATE=latin1_swedish_ci
 PARTITION BY RANGE (`a`)
(PARTITION `p0` VALUES LESS THAN (10) ENGINE = MyISAM,
 PARTITION `p1` VALUES LESS THAN MAXVALUE ENGINE = MyISAM)
SELECT * FROM t1;
a	b
1	Original from partition p0
11	Original from partition p1
12	Original from partition p1
13	Original from partition p1
14	Original from partition p1
2	Original from partition p0
21	Original from partition p1
22	Original from partition p1
23	Original from partition p1
24	Original from partition p1
3	Original from partition p0
4	Original from partition p0
SHOW CREATE TABLE t2;
Table	Create Table
t2	CREATE TABLE `t2` (
  `a` int(11) DEFAULT NULL,
  `b` varchar(64) DEFAULT NULL
) ENGINE=MyISAM DEFAULT CHARSET=latin1 COLLATE=latin1_swedish_ci
SELECT * FROM t2;
a	b
5	Original from table t2
6	Original from table t2
7	Original from table t2
8	Original from table t2
ALTER TABLE t1 EXCHANGE PARTITION p0 WITH TABLE t2;
# d,exchange_partition_abort_8: AFTER crash
db.opt
t1#P#p0.MYD
t1#P#p0.MYI
t1#P#p1.MYD
t1#P#p1.MYI
t1.frm
t1.par
t2.MYD
t2.MYI
t2.frm
# d,exchange_partition_abort_8: AFTER recovery
db.opt
t1#P#p0.MYD
t1#P#p0.MYI
t1#P#p1.MYD
t1#P#p1.MYI
t1.frm
t1.par
t2.MYD
t2.MYI
t2.frm
SHOW CREATE TABLE t1;
Table	Create Table
t1	CREATE TABLE `t1` (
  `a` int(11) DEFAULT NULL,
  `b` varchar(64) DEFAULT NULL
) ENGINE=MyISAM DEFAULT CHARSET=latin1 COLLATE=latin1_swedish_ci
 PARTITION BY RANGE (`a`)
(PARTITION `p0` VALUES LESS THAN (10) ENGINE = MyISAM,
 PARTITION `p1` VALUES LESS THAN MAXVALUE ENGINE = MyISAM)
SELECT * FROM t1;
a	b
1	Original from partition p0
11	Original from partition p1
12	Original from partition p1
13	Original from partition p1
14	Original from partition p1
2	Original from partition p0
21	Original from partition p1
22	Original from partition p1
23	Original from partition p1
24	Original from partition p1
3	Original from partition p0
4	Original from partition p0
SHOW CREATE TABLE t2;
Table	Create Table
t2	CREATE TABLE `t2` (
  `a` int(11) DEFAULT NULL,
  `b` varchar(64) DEFAULT NULL
) ENGINE=MyISAM DEFAULT CHARSET=latin1 COLLATE=latin1_swedish_ci
SELECT * FROM t2;
a	b
5	Original from table t2
6	Original from table t2
7	Original from table t2
8	Original from table t2
DROP TABLE t1;
DROP TABLE t2;
SET SESSION debug_dbug=@save_dbug;
SET SESSION debug_dbug="+d,exchange_partition_abort_9";
CREATE TABLE t2 (a INT, b VARCHAR(64));
INSERT INTO t2 VALUES (5, "Original from table t2"), (6, "Original from table t2"), (7, "Original from table t2"), (8, "Original from table t2");
CREATE TABLE t1 (a INT, b VARCHAR(64)) PARTITION BY RANGE (a)
(PARTITION p0 VALUES LESS THAN (10),
PARTITION p1 VALUES LESS THAN MAXVALUE);
INSERT INTO t1 VALUES (1, "Original from partition p0"), (2, "Original from partition p0"), (3, "Original from partition p0"), (4, "Original from partition p0"), (11, "Original from partition p1"), (12, "Original from partition p1"), (13, "Original from partition p1"), (14, "Original from partition p1"), (21, "Original from partition p1"), (22, "Original from partition p1"), (23, "Original from partition p1"), (24, "Original from partition p1");
# d,exchange_partition_abort_9: BEFORE crash
db.opt
t1#P#p0.MYD
t1#P#p0.MYI
t1#P#p1.MYD
t1#P#p1.MYI
t1.frm
t1.par
t2.MYD
t2.MYI
t2.frm
SHOW CREATE TABLE t1;
Table	Create Table
t1	CREATE TABLE `t1` (
  `a` int(11) DEFAULT NULL,
  `b` varchar(64) DEFAULT NULL
) ENGINE=MyISAM DEFAULT CHARSET=latin1 COLLATE=latin1_swedish_ci
 PARTITION BY RANGE (`a`)
(PARTITION `p0` VALUES LESS THAN (10) ENGINE = MyISAM,
 PARTITION `p1` VALUES LESS THAN MAXVALUE ENGINE = MyISAM)
SELECT * FROM t1;
a	b
1	Original from partition p0
11	Original from partition p1
12	Original from partition p1
13	Original from partition p1
14	Original from partition p1
2	Original from partition p0
21	Original from partition p1
22	Original from partition p1
23	Original from partition p1
24	Original from partition p1
3	Original from partition p0
4	Original from partition p0
SHOW CREATE TABLE t2;
Table	Create Table
t2	CREATE TABLE `t2` (
  `a` int(11) DEFAULT NULL,
  `b` varchar(64) DEFAULT NULL
) ENGINE=MyISAM DEFAULT CHARSET=latin1 COLLATE=latin1_swedish_ci
SELECT * FROM t2;
a	b
5	Original from table t2
6	Original from table t2
7	Original from table t2
8	Original from table t2
ALTER TABLE t1 EXCHANGE PARTITION p0 WITH TABLE t2;
# d,exchange_partition_abort_9: AFTER crash
db.opt
t1#P#p0.MYD
t1#P#p0.MYI
t1#P#p1.MYD
t1#P#p1.MYI
t1.frm
t1.par
t2.MYD
t2.MYI
t2.frm
# d,exchange_partition_abort_9: AFTER recovery
db.opt
t1#P#p0.MYD
t1#P#p0.MYI
t1#P#p1.MYD
t1#P#p1.MYI
t1.frm
t1.par
t2.MYD
t2.MYI
t2.frm
SHOW CREATE TABLE t1;
Table	Create Table
t1	CREATE TABLE `t1` (
  `a` int(11) DEFAULT NULL,
  `b` varchar(64) DEFAULT NULL
) ENGINE=MyISAM DEFAULT CHARSET=latin1 COLLATE=latin1_swedish_ci
 PARTITION BY RANGE (`a`)
(PARTITION `p0` VALUES LESS THAN (10) ENGINE = MyISAM,
 PARTITION `p1` VALUES LESS THAN MAXVALUE ENGINE = MyISAM)
SELECT * FROM t1;
a	b
11	Original from partition p1
12	Original from partition p1
13	Original from partition p1
14	Original from partition p1
21	Original from partition p1
22	Original from partition p1
23	Original from partition p1
24	Original from partition p1
5	Original from table t2
6	Original from table t2
7	Original from table t2
8	Original from table t2
SHOW CREATE TABLE t2;
Table	Create Table
t2	CREATE TABLE `t2` (
  `a` int(11) DEFAULT NULL,
  `b` varchar(64) DEFAULT NULL
) ENGINE=MyISAM DEFAULT CHARSET=latin1 COLLATE=latin1_swedish_ci
SELECT * FROM t2;
a	b
1	Original from partition p0
2	Original from partition p0
3	Original from partition p0
4	Original from partition p0
DROP TABLE t1;
DROP TABLE t2;
SET SESSION debug_dbug=@save_dbug;
SET @save_dbug=@@debug_dbug;
SET SESSION debug_dbug="+d,exchange_partition_fail_1";
CREATE TABLE t2 (a INT, b VARCHAR(64));
INSERT INTO t2 VALUES (5, "Original from table t2"), (6, "Original from table t2"), (7, "Original from table t2"), (8, "Original from table t2");
CREATE TABLE t1 (a INT, b VARCHAR(64)) PARTITION BY RANGE (a)
(PARTITION p0 VALUES LESS THAN (10),
PARTITION p1 VALUES LESS THAN MAXVALUE);
INSERT INTO t1 VALUES (1, "Original from partition p0"), (2, "Original from partition p0"), (3, "Original from partition p0"), (4, "Original from partition p0"), (11, "Original from partition p1"), (12, "Original from partition p1"), (13, "Original from partition p1"), (14, "Original from partition p1"), (21, "Original from partition p1"), (22, "Original from partition p1"), (23, "Original from partition p1"), (24, "Original from partition p1");
# d,exchange_partition_fail_1: BEFORE failure
db.opt
t1#P#p0.MYD
t1#P#p0.MYI
t1#P#p1.MYD
t1#P#p1.MYI
t1.frm
t1.par
t2.MYD
t2.MYI
t2.frm
SHOW CREATE TABLE t1;
Table	Create Table
t1	CREATE TABLE `t1` (
  `a` int(11) DEFAULT NULL,
  `b` varchar(64) DEFAULT NULL
) ENGINE=MyISAM DEFAULT CHARSET=latin1 COLLATE=latin1_swedish_ci
 PARTITION BY RANGE (`a`)
(PARTITION `p0` VALUES LESS THAN (10) ENGINE = MyISAM,
 PARTITION `p1` VALUES LESS THAN MAXVALUE ENGINE = MyISAM)
SELECT * FROM t1;
a	b
1	Original from partition p0
11	Original from partition p1
12	Original from partition p1
13	Original from partition p1
14	Original from partition p1
2	Original from partition p0
21	Original from partition p1
22	Original from partition p1
23	Original from partition p1
24	Original from partition p1
3	Original from partition p0
4	Original from partition p0
ALTER TABLE t1 EXCHANGE PARTITION p0 WITH TABLE t2;
ERROR HY000: Error in DDL log
# d,exchange_partition_fail_1: AFTER failure
show warnings;
Level	Code	Message
Error	1565	Error in DDL log
db.opt
t1#P#p0.MYD
t1#P#p0.MYI
t1#P#p1.MYD
t1#P#p1.MYI
t1.frm
t1.par
t2.MYD
t2.MYI
t2.frm
SHOW CREATE TABLE t1;
Table	Create Table
t1	CREATE TABLE `t1` (
  `a` int(11) DEFAULT NULL,
  `b` varchar(64) DEFAULT NULL
) ENGINE=MyISAM DEFAULT CHARSET=latin1 COLLATE=latin1_swedish_ci
 PARTITION BY RANGE (`a`)
(PARTITION `p0` VALUES LESS THAN (10) ENGINE = MyISAM,
 PARTITION `p1` VALUES LESS THAN MAXVALUE ENGINE = MyISAM)
SELECT * FROM t1;
a	b
1	Original from partition p0
11	Original from partition p1
12	Original from partition p1
13	Original from partition p1
14	Original from partition p1
2	Original from partition p0
21	Original from partition p1
22	Original from partition p1
23	Original from partition p1
24	Original from partition p1
3	Original from partition p0
4	Original from partition p0
SHOW CREATE TABLE t2;
Table	Create Table
t2	CREATE TABLE `t2` (
  `a` int(11) DEFAULT NULL,
  `b` varchar(64) DEFAULT NULL
) ENGINE=MyISAM DEFAULT CHARSET=latin1 COLLATE=latin1_swedish_ci
SELECT * FROM t2;
a	b
5	Original from table t2
6	Original from table t2
7	Original from table t2
8	Original from table t2
DROP TABLE t1;
DROP TABLE t2;
CREATE TABLE t2 (a INT, b VARCHAR(64));
INSERT INTO t2 VALUES (5, "Original from table t2"), (6, "Original from table t2"), (7, "Original from table t2"), (8, "Original from table t2");
CREATE TABLE t1 (a INT, b VARCHAR(64)) PARTITION BY RANGE (a)
(PARTITION p0 VALUES LESS THAN (10),
PARTITION p1 VALUES LESS THAN MAXVALUE);
INSERT INTO t1 VALUES (1, "Original from partition p0"), (2, "Original from partition p0"), (3, "Original from partition p0"), (4, "Original from partition p0"), (11, "Original from partition p1"), (12, "Original from partition p1"), (13, "Original from partition p1"), (14, "Original from partition p1"), (21, "Original from partition p1"), (22, "Original from partition p1"), (23, "Original from partition p1"), (24, "Original from partition p1");
# d,exchange_partition_fail_1: BEFORE failure (under LOCK TABLE)
db.opt
t1#P#p0.MYD
t1#P#p0.MYI
t1#P#p1.MYD
t1#P#p1.MYI
t1.frm
t1.par
t2.MYD
t2.MYI
t2.frm
SHOW CREATE TABLE t1;
Table	Create Table
t1	CREATE TABLE `t1` (
  `a` int(11) DEFAULT NULL,
  `b` varchar(64) DEFAULT NULL
) ENGINE=MyISAM DEFAULT CHARSET=latin1 COLLATE=latin1_swedish_ci
 PARTITION BY RANGE (`a`)
(PARTITION `p0` VALUES LESS THAN (10) ENGINE = MyISAM,
 PARTITION `p1` VALUES LESS THAN MAXVALUE ENGINE = MyISAM)
SELECT * FROM t1;
a	b
1	Original from partition p0
11	Original from partition p1
12	Original from partition p1
13	Original from partition p1
14	Original from partition p1
2	Original from partition p0
21	Original from partition p1
22	Original from partition p1
23	Original from partition p1
24	Original from partition p1
3	Original from partition p0
4	Original from partition p0
LOCK TABLES t1 WRITE, t2 WRITE;
ALTER TABLE t1 EXCHANGE PARTITION p0 WITH TABLE t2;
ERROR HY000: Error in DDL log
# d,exchange_partition_fail_1: AFTER failure (under LOCK TABLE)
show warnings;
Level	Code	Message
Error	1565	Error in DDL log
db.opt
t1#P#p0.MYD
t1#P#p0.MYI
t1#P#p1.MYD
t1#P#p1.MYI
t1.frm
t1.par
t2.MYD
t2.MYI
t2.frm
SHOW CREATE TABLE t1;
Table	Create Table
t1	CREATE TABLE `t1` (
  `a` int(11) DEFAULT NULL,
  `b` varchar(64) DEFAULT NULL
) ENGINE=MyISAM DEFAULT CHARSET=latin1 COLLATE=latin1_swedish_ci
 PARTITION BY RANGE (`a`)
(PARTITION `p0` VALUES LESS THAN (10) ENGINE = MyISAM,
 PARTITION `p1` VALUES LESS THAN MAXVALUE ENGINE = MyISAM)
SELECT * FROM t1;
a	b
1	Original from partition p0
11	Original from partition p1
12	Original from partition p1
13	Original from partition p1
14	Original from partition p1
2	Original from partition p0
21	Original from partition p1
22	Original from partition p1
23	Original from partition p1
24	Original from partition p1
3	Original from partition p0
4	Original from partition p0
SHOW CREATE TABLE t2;
Table	Create Table
t2	CREATE TABLE `t2` (
  `a` int(11) DEFAULT NULL,
  `b` varchar(64) DEFAULT NULL
) ENGINE=MyISAM DEFAULT CHARSET=latin1 COLLATE=latin1_swedish_ci
SELECT * FROM t2;
a	b
5	Original from table t2
6	Original from table t2
7	Original from table t2
8	Original from table t2
UNLOCK TABLES;
DROP TABLE t1;
DROP TABLE t2;
SET SESSION debug_dbug=@save_dbug;
SET SESSION debug_dbug="+d,exchange_partition_fail_2";
CREATE TABLE t2 (a INT, b VARCHAR(64));
INSERT INTO t2 VALUES (5, "Original from table t2"), (6, "Original from table t2"), (7, "Original from table t2"), (8, "Original from table t2");
CREATE TABLE t1 (a INT, b VARCHAR(64)) PARTITION BY RANGE (a)
(PARTITION p0 VALUES LESS THAN (10),
PARTITION p1 VALUES LESS THAN MAXVALUE);
INSERT INTO t1 VALUES (1, "Original from partition p0"), (2, "Original from partition p0"), (3, "Original from partition p0"), (4, "Original from partition p0"), (11, "Original from partition p1"), (12, "Original from partition p1"), (13, "Original from partition p1"), (14, "Original from partition p1"), (21, "Original from partition p1"), (22, "Original from partition p1"), (23, "Original from partition p1"), (24, "Original from partition p1");
# d,exchange_partition_fail_2: BEFORE failure
db.opt
t1#P#p0.MYD
t1#P#p0.MYI
t1#P#p1.MYD
t1#P#p1.MYI
t1.frm
t1.par
t2.MYD
t2.MYI
t2.frm
SHOW CREATE TABLE t1;
Table	Create Table
t1	CREATE TABLE `t1` (
  `a` int(11) DEFAULT NULL,
  `b` varchar(64) DEFAULT NULL
) ENGINE=MyISAM DEFAULT CHARSET=latin1 COLLATE=latin1_swedish_ci
 PARTITION BY RANGE (`a`)
(PARTITION `p0` VALUES LESS THAN (10) ENGINE = MyISAM,
 PARTITION `p1` VALUES LESS THAN MAXVALUE ENGINE = MyISAM)
SELECT * FROM t1;
a	b
1	Original from partition p0
11	Original from partition p1
12	Original from partition p1
13	Original from partition p1
14	Original from partition p1
2	Original from partition p0
21	Original from partition p1
22	Original from partition p1
23	Original from partition p1
24	Original from partition p1
3	Original from partition p0
4	Original from partition p0
ALTER TABLE t1 EXCHANGE PARTITION p0 WITH TABLE t2;
ERROR HY000: Error in DDL log
# d,exchange_partition_fail_2: AFTER failure
show warnings;
Level	Code	Message
Error	1565	Error in DDL log
db.opt
t1#P#p0.MYD
t1#P#p0.MYI
t1#P#p1.MYD
t1#P#p1.MYI
t1.frm
t1.par
t2.MYD
t2.MYI
t2.frm
SHOW CREATE TABLE t1;
Table	Create Table
t1	CREATE TABLE `t1` (
  `a` int(11) DEFAULT NULL,
  `b` varchar(64) DEFAULT NULL
) ENGINE=MyISAM DEFAULT CHARSET=latin1 COLLATE=latin1_swedish_ci
 PARTITION BY RANGE (`a`)
(PARTITION `p0` VALUES LESS THAN (10) ENGINE = MyISAM,
 PARTITION `p1` VALUES LESS THAN MAXVALUE ENGINE = MyISAM)
SELECT * FROM t1;
a	b
1	Original from partition p0
11	Original from partition p1
12	Original from partition p1
13	Original from partition p1
14	Original from partition p1
2	Original from partition p0
21	Original from partition p1
22	Original from partition p1
23	Original from partition p1
24	Original from partition p1
3	Original from partition p0
4	Original from partition p0
SHOW CREATE TABLE t2;
Table	Create Table
t2	CREATE TABLE `t2` (
  `a` int(11) DEFAULT NULL,
  `b` varchar(64) DEFAULT NULL
) ENGINE=MyISAM DEFAULT CHARSET=latin1 COLLATE=latin1_swedish_ci
SELECT * FROM t2;
a	b
5	Original from table t2
6	Original from table t2
7	Original from table t2
8	Original from table t2
DROP TABLE t1;
DROP TABLE t2;
CREATE TABLE t2 (a INT, b VARCHAR(64));
INSERT INTO t2 VALUES (5, "Original from table t2"), (6, "Original from table t2"), (7, "Original from table t2"), (8, "Original from table t2");
CREATE TABLE t1 (a INT, b VARCHAR(64)) PARTITION BY RANGE (a)
(PARTITION p0 VALUES LESS THAN (10),
PARTITION p1 VALUES LESS THAN MAXVALUE);
INSERT INTO t1 VALUES (1, "Original from partition p0"), (2, "Original from partition p0"), (3, "Original from partition p0"), (4, "Original from partition p0"), (11, "Original from partition p1"), (12, "Original from partition p1"), (13, "Original from partition p1"), (14, "Original from partition p1"), (21, "Original from partition p1"), (22, "Original from partition p1"), (23, "Original from partition p1"), (24, "Original from partition p1");
# d,exchange_partition_fail_2: BEFORE failure (under LOCK TABLE)
db.opt
t1#P#p0.MYD
t1#P#p0.MYI
t1#P#p1.MYD
t1#P#p1.MYI
t1.frm
t1.par
t2.MYD
t2.MYI
t2.frm
SHOW CREATE TABLE t1;
Table	Create Table
t1	CREATE TABLE `t1` (
  `a` int(11) DEFAULT NULL,
  `b` varchar(64) DEFAULT NULL
) ENGINE=MyISAM DEFAULT CHARSET=latin1 COLLATE=latin1_swedish_ci
 PARTITION BY RANGE (`a`)
(PARTITION `p0` VALUES LESS THAN (10) ENGINE = MyISAM,
 PARTITION `p1` VALUES LESS THAN MAXVALUE ENGINE = MyISAM)
SELECT * FROM t1;
a	b
1	Original from partition p0
11	Original from partition p1
12	Original from partition p1
13	Original from partition p1
14	Original from partition p1
2	Original from partition p0
21	Original from partition p1
22	Original from partition p1
23	Original from partition p1
24	Original from partition p1
3	Original from partition p0
4	Original from partition p0
LOCK TABLES t1 WRITE, t2 WRITE;
ALTER TABLE t1 EXCHANGE PARTITION p0 WITH TABLE t2;
ERROR HY000: Error in DDL log
# d,exchange_partition_fail_2: AFTER failure (under LOCK TABLE)
show warnings;
Level	Code	Message
Error	1565	Error in DDL log
db.opt
t1#P#p0.MYD
t1#P#p0.MYI
t1#P#p1.MYD
t1#P#p1.MYI
t1.frm
t1.par
t2.MYD
t2.MYI
t2.frm
SHOW CREATE TABLE t1;
Table	Create Table
t1	CREATE TABLE `t1` (
  `a` int(11) DEFAULT NULL,
  `b` varchar(64) DEFAULT NULL
) ENGINE=MyISAM DEFAULT CHARSET=latin1 COLLATE=latin1_swedish_ci
 PARTITION BY RANGE (`a`)
(PARTITION `p0` VALUES LESS THAN (10) ENGINE = MyISAM,
 PARTITION `p1` VALUES LESS THAN MAXVALUE ENGINE = MyISAM)
SELECT * FROM t1;
a	b
1	Original from partition p0
11	Original from partition p1
12	Original from partition p1
13	Original from partition p1
14	Original from partition p1
2	Original from partition p0
21	Original from partition p1
22	Original from partition p1
23	Original from partition p1
24	Original from partition p1
3	Original from partition p0
4	Original from partition p0
SHOW CREATE TABLE t2;
Table	Create Table
t2	CREATE TABLE `t2` (
  `a` int(11) DEFAULT NULL,
  `b` varchar(64) DEFAULT NULL
) ENGINE=MyISAM DEFAULT CHARSET=latin1 COLLATE=latin1_swedish_ci
SELECT * FROM t2;
a	b
5	Original from table t2
6	Original from table t2
7	Original from table t2
8	Original from table t2
UNLOCK TABLES;
DROP TABLE t1;
DROP TABLE t2;
SET SESSION debug_dbug=@save_dbug;
SET SESSION debug_dbug="+d,exchange_partition_fail_3";
CREATE TABLE t2 (a INT, b VARCHAR(64));
INSERT INTO t2 VALUES (5, "Original from table t2"), (6, "Original from table t2"), (7, "Original from table t2"), (8, "Original from table t2");
CREATE TABLE t1 (a INT, b VARCHAR(64)) PARTITION BY RANGE (a)
(PARTITION p0 VALUES LESS THAN (10),
PARTITION p1 VALUES LESS THAN MAXVALUE);
INSERT INTO t1 VALUES (1, "Original from partition p0"), (2, "Original from partition p0"), (3, "Original from partition p0"), (4, "Original from partition p0"), (11, "Original from partition p1"), (12, "Original from partition p1"), (13, "Original from partition p1"), (14, "Original from partition p1"), (21, "Original from partition p1"), (22, "Original from partition p1"), (23, "Original from partition p1"), (24, "Original from partition p1");
# d,exchange_partition_fail_3: BEFORE failure
db.opt
t1#P#p0.MYD
t1#P#p0.MYI
t1#P#p1.MYD
t1#P#p1.MYI
t1.frm
t1.par
t2.MYD
t2.MYI
t2.frm
SHOW CREATE TABLE t1;
Table	Create Table
t1	CREATE TABLE `t1` (
  `a` int(11) DEFAULT NULL,
  `b` varchar(64) DEFAULT NULL
) ENGINE=MyISAM DEFAULT CHARSET=latin1 COLLATE=latin1_swedish_ci
 PARTITION BY RANGE (`a`)
(PARTITION `p0` VALUES LESS THAN (10) ENGINE = MyISAM,
 PARTITION `p1` VALUES LESS THAN MAXVALUE ENGINE = MyISAM)
SELECT * FROM t1;
a	b
1	Original from partition p0
11	Original from partition p1
12	Original from partition p1
13	Original from partition p1
14	Original from partition p1
2	Original from partition p0
21	Original from partition p1
22	Original from partition p1
23	Original from partition p1
24	Original from partition p1
3	Original from partition p0
4	Original from partition p0
ALTER TABLE t1 EXCHANGE PARTITION p0 WITH TABLE t2;
ERROR HY000: Error on rename of './test/t2' to '#TMP' (errno: 0 "Internal error/check (Not system error)")
# d,exchange_partition_fail_3: AFTER failure
show warnings;
Level	Code	Message
Error	1025	Error on rename of './test/t2' to '#TMP' (errno: 0 "Internal error/check (Not system error)")
db.opt
t1#P#p0.MYD
t1#P#p0.MYI
t1#P#p1.MYD
t1#P#p1.MYI
t1.frm
t1.par
t2.MYD
t2.MYI
t2.frm
SHOW CREATE TABLE t1;
Table	Create Table
t1	CREATE TABLE `t1` (
  `a` int(11) DEFAULT NULL,
  `b` varchar(64) DEFAULT NULL
) ENGINE=MyISAM DEFAULT CHARSET=latin1 COLLATE=latin1_swedish_ci
 PARTITION BY RANGE (`a`)
(PARTITION `p0` VALUES LESS THAN (10) ENGINE = MyISAM,
 PARTITION `p1` VALUES LESS THAN MAXVALUE ENGINE = MyISAM)
SELECT * FROM t1;
a	b
1	Original from partition p0
11	Original from partition p1
12	Original from partition p1
13	Original from partition p1
14	Original from partition p1
2	Original from partition p0
21	Original from partition p1
22	Original from partition p1
23	Original from partition p1
24	Original from partition p1
3	Original from partition p0
4	Original from partition p0
SHOW CREATE TABLE t2;
Table	Create Table
t2	CREATE TABLE `t2` (
  `a` int(11) DEFAULT NULL,
  `b` varchar(64) DEFAULT NULL
) ENGINE=MyISAM DEFAULT CHARSET=latin1 COLLATE=latin1_swedish_ci
SELECT * FROM t2;
a	b
5	Original from table t2
6	Original from table t2
7	Original from table t2
8	Original from table t2
DROP TABLE t1;
DROP TABLE t2;
CREATE TABLE t2 (a INT, b VARCHAR(64));
INSERT INTO t2 VALUES (5, "Original from table t2"), (6, "Original from table t2"), (7, "Original from table t2"), (8, "Original from table t2");
CREATE TABLE t1 (a INT, b VARCHAR(64)) PARTITION BY RANGE (a)
(PARTITION p0 VALUES LESS THAN (10),
PARTITION p1 VALUES LESS THAN MAXVALUE);
INSERT INTO t1 VALUES (1, "Original from partition p0"), (2, "Original from partition p0"), (3, "Original from partition p0"), (4, "Original from partition p0"), (11, "Original from partition p1"), (12, "Original from partition p1"), (13, "Original from partition p1"), (14, "Original from partition p1"), (21, "Original from partition p1"), (22, "Original from partition p1"), (23, "Original from partition p1"), (24, "Original from partition p1");
# d,exchange_partition_fail_3: BEFORE failure (under LOCK TABLE)
db.opt
t1#P#p0.MYD
t1#P#p0.MYI
t1#P#p1.MYD
t1#P#p1.MYI
t1.frm
t1.par
t2.MYD
t2.MYI
t2.frm
SHOW CREATE TABLE t1;
Table	Create Table
t1	CREATE TABLE `t1` (
  `a` int(11) DEFAULT NULL,
  `b` varchar(64) DEFAULT NULL
) ENGINE=MyISAM DEFAULT CHARSET=latin1 COLLATE=latin1_swedish_ci
 PARTITION BY RANGE (`a`)
(PARTITION `p0` VALUES LESS THAN (10) ENGINE = MyISAM,
 PARTITION `p1` VALUES LESS THAN MAXVALUE ENGINE = MyISAM)
SELECT * FROM t1;
a	b
1	Original from partition p0
11	Original from partition p1
12	Original from partition p1
13	Original from partition p1
14	Original from partition p1
2	Original from partition p0
21	Original from partition p1
22	Original from partition p1
23	Original from partition p1
24	Original from partition p1
3	Original from partition p0
4	Original from partition p0
LOCK TABLES t1 WRITE, t2 WRITE;
ALTER TABLE t1 EXCHANGE PARTITION p0 WITH TABLE t2;
ERROR HY000: Error on rename of './test/t2' to '#TMP' (errno: 0 "Internal error/check (Not system error)")
# d,exchange_partition_fail_3: AFTER failure (under LOCK TABLE)
show warnings;
Level	Code	Message
Error	1025	Error on rename of './test/t2' to '#TMP' (errno: 0 "Internal error/check (Not system error)")
db.opt
t1#P#p0.MYD
t1#P#p0.MYI
t1#P#p1.MYD
t1#P#p1.MYI
t1.frm
t1.par
t2.MYD
t2.MYI
t2.frm
SHOW CREATE TABLE t1;
Table	Create Table
t1	CREATE TABLE `t1` (
  `a` int(11) DEFAULT NULL,
  `b` varchar(64) DEFAULT NULL
) ENGINE=MyISAM DEFAULT CHARSET=latin1 COLLATE=latin1_swedish_ci
 PARTITION BY RANGE (`a`)
(PARTITION `p0` VALUES LESS THAN (10) ENGINE = MyISAM,
 PARTITION `p1` VALUES LESS THAN MAXVALUE ENGINE = MyISAM)
SELECT * FROM t1;
a	b
1	Original from partition p0
11	Original from partition p1
12	Original from partition p1
13	Original from partition p1
14	Original from partition p1
2	Original from partition p0
21	Original from partition p1
22	Original from partition p1
23	Original from partition p1
24	Original from partition p1
3	Original from partition p0
4	Original from partition p0
SHOW CREATE TABLE t2;
Table	Create Table
t2	CREATE TABLE `t2` (
  `a` int(11) DEFAULT NULL,
  `b` varchar(64) DEFAULT NULL
) ENGINE=MyISAM DEFAULT CHARSET=latin1 COLLATE=latin1_swedish_ci
SELECT * FROM t2;
a	b
5	Original from table t2
6	Original from table t2
7	Original from table t2
8	Original from table t2
UNLOCK TABLES;
DROP TABLE t1;
DROP TABLE t2;
SET SESSION debug_dbug=@save_dbug;
SET SESSION debug_dbug="+d,exchange_partition_fail_4";
CREATE TABLE t2 (a INT, b VARCHAR(64));
INSERT INTO t2 VALUES (5, "Original from table t2"), (6, "Original from table t2"), (7, "Original from table t2"), (8, "Original from table t2");
CREATE TABLE t1 (a INT, b VARCHAR(64)) PARTITION BY RANGE (a)
(PARTITION p0 VALUES LESS THAN (10),
PARTITION p1 VALUES LESS THAN MAXVALUE);
INSERT INTO t1 VALUES (1, "Original from partition p0"), (2, "Original from partition p0"), (3, "Original from partition p0"), (4, "Original from partition p0"), (11, "Original from partition p1"), (12, "Original from partition p1"), (13, "Original from partition p1"), (14, "Original from partition p1"), (21, "Original from partition p1"), (22, "Original from partition p1"), (23, "Original from partition p1"), (24, "Original from partition p1");
# d,exchange_partition_fail_4: BEFORE failure
db.opt
t1#P#p0.MYD
t1#P#p0.MYI
t1#P#p1.MYD
t1#P#p1.MYI
t1.frm
t1.par
t2.MYD
t2.MYI
t2.frm
SHOW CREATE TABLE t1;
Table	Create Table
t1	CREATE TABLE `t1` (
  `a` int(11) DEFAULT NULL,
  `b` varchar(64) DEFAULT NULL
) ENGINE=MyISAM DEFAULT CHARSET=latin1 COLLATE=latin1_swedish_ci
 PARTITION BY RANGE (`a`)
(PARTITION `p0` VALUES LESS THAN (10) ENGINE = MyISAM,
 PARTITION `p1` VALUES LESS THAN MAXVALUE ENGINE = MyISAM)
SELECT * FROM t1;
a	b
1	Original from partition p0
11	Original from partition p1
12	Original from partition p1
13	Original from partition p1
14	Original from partition p1
2	Original from partition p0
21	Original from partition p1
22	Original from partition p1
23	Original from partition p1
24	Original from partition p1
3	Original from partition p0
4	Original from partition p0
ALTER TABLE t1 EXCHANGE PARTITION p0 WITH TABLE t2;
ERROR HY000: Error in DDL log
# d,exchange_partition_fail_4: AFTER failure
show warnings;
Level	Code	Message
Error	1565	Error in DDL log
db.opt
t1#P#p0.MYD
t1#P#p0.MYI
t1#P#p1.MYD
t1#P#p1.MYI
t1.frm
t1.par
t2.MYD
t2.MYI
t2.frm
SHOW CREATE TABLE t1;
Table	Create Table
t1	CREATE TABLE `t1` (
  `a` int(11) DEFAULT NULL,
  `b` varchar(64) DEFAULT NULL
) ENGINE=MyISAM DEFAULT CHARSET=latin1 COLLATE=latin1_swedish_ci
 PARTITION BY RANGE (`a`)
(PARTITION `p0` VALUES LESS THAN (10) ENGINE = MyISAM,
 PARTITION `p1` VALUES LESS THAN MAXVALUE ENGINE = MyISAM)
SELECT * FROM t1;
a	b
1	Original from partition p0
11	Original from partition p1
12	Original from partition p1
13	Original from partition p1
14	Original from partition p1
2	Original from partition p0
21	Original from partition p1
22	Original from partition p1
23	Original from partition p1
24	Original from partition p1
3	Original from partition p0
4	Original from partition p0
SHOW CREATE TABLE t2;
Table	Create Table
t2	CREATE TABLE `t2` (
  `a` int(11) DEFAULT NULL,
  `b` varchar(64) DEFAULT NULL
) ENGINE=MyISAM DEFAULT CHARSET=latin1 COLLATE=latin1_swedish_ci
SELECT * FROM t2;
a	b
5	Original from table t2
6	Original from table t2
7	Original from table t2
8	Original from table t2
DROP TABLE t1;
DROP TABLE t2;
CREATE TABLE t2 (a INT, b VARCHAR(64));
INSERT INTO t2 VALUES (5, "Original from table t2"), (6, "Original from table t2"), (7, "Original from table t2"), (8, "Original from table t2");
CREATE TABLE t1 (a INT, b VARCHAR(64)) PARTITION BY RANGE (a)
(PARTITION p0 VALUES LESS THAN (10),
PARTITION p1 VALUES LESS THAN MAXVALUE);
INSERT INTO t1 VALUES (1, "Original from partition p0"), (2, "Original from partition p0"), (3, "Original from partition p0"), (4, "Original from partition p0"), (11, "Original from partition p1"), (12, "Original from partition p1"), (13, "Original from partition p1"), (14, "Original from partition p1"), (21, "Original from partition p1"), (22, "Original from partition p1"), (23, "Original from partition p1"), (24, "Original from partition p1");
# d,exchange_partition_fail_4: BEFORE failure (under LOCK TABLE)
db.opt
t1#P#p0.MYD
t1#P#p0.MYI
t1#P#p1.MYD
t1#P#p1.MYI
t1.frm
t1.par
t2.MYD
t2.MYI
t2.frm
SHOW CREATE TABLE t1;
Table	Create Table
t1	CREATE TABLE `t1` (
  `a` int(11) DEFAULT NULL,
  `b` varchar(64) DEFAULT NULL
) ENGINE=MyISAM DEFAULT CHARSET=latin1 COLLATE=latin1_swedish_ci
 PARTITION BY RANGE (`a`)
(PARTITION `p0` VALUES LESS THAN (10) ENGINE = MyISAM,
 PARTITION `p1` VALUES LESS THAN MAXVALUE ENGINE = MyISAM)
SELECT * FROM t1;
a	b
1	Original from partition p0
11	Original from partition p1
12	Original from partition p1
13	Original from partition p1
14	Original from partition p1
2	Original from partition p0
21	Original from partition p1
22	Original from partition p1
23	Original from partition p1
24	Original from partition p1
3	Original from partition p0
4	Original from partition p0
LOCK TABLES t1 WRITE, t2 WRITE;
ALTER TABLE t1 EXCHANGE PARTITION p0 WITH TABLE t2;
ERROR HY000: Error in DDL log
# d,exchange_partition_fail_4: AFTER failure (under LOCK TABLE)
show warnings;
Level	Code	Message
Error	1565	Error in DDL log
db.opt
t1#P#p0.MYD
t1#P#p0.MYI
t1#P#p1.MYD
t1#P#p1.MYI
t1.frm
t1.par
t2.MYD
t2.MYI
t2.frm
SHOW CREATE TABLE t1;
Table	Create Table
t1	CREATE TABLE `t1` (
  `a` int(11) DEFAULT NULL,
  `b` varchar(64) DEFAULT NULL
) ENGINE=MyISAM DEFAULT CHARSET=latin1 COLLATE=latin1_swedish_ci
 PARTITION BY RANGE (`a`)
(PARTITION `p0` VALUES LESS THAN (10) ENGINE = MyISAM,
 PARTITION `p1` VALUES LESS THAN MAXVALUE ENGINE = MyISAM)
SELECT * FROM t1;
a	b
1	Original from partition p0
11	Original from partition p1
12	Original from partition p1
13	Original from partition p1
14	Original from partition p1
2	Original from partition p0
21	Original from partition p1
22	Original from partition p1
23	Original from partition p1
24	Original from partition p1
3	Original from partition p0
4	Original from partition p0
SHOW CREATE TABLE t2;
Table	Create Table
t2	CREATE TABLE `t2` (
  `a` int(11) DEFAULT NULL,
  `b` varchar(64) DEFAULT NULL
) ENGINE=MyISAM DEFAULT CHARSET=latin1 COLLATE=latin1_swedish_ci
SELECT * FROM t2;
a	b
5	Original from table t2
6	Original from table t2
7	Original from table t2
8	Original from table t2
UNLOCK TABLES;
DROP TABLE t1;
DROP TABLE t2;
SET SESSION debug_dbug=@save_dbug;
SET SESSION debug_dbug="+d,exchange_partition_fail_5";
CREATE TABLE t2 (a INT, b VARCHAR(64));
INSERT INTO t2 VALUES (5, "Original from table t2"), (6, "Original from table t2"), (7, "Original from table t2"), (8, "Original from table t2");
CREATE TABLE t1 (a INT, b VARCHAR(64)) PARTITION BY RANGE (a)
(PARTITION p0 VALUES LESS THAN (10),
PARTITION p1 VALUES LESS THAN MAXVALUE);
INSERT INTO t1 VALUES (1, "Original from partition p0"), (2, "Original from partition p0"), (3, "Original from partition p0"), (4, "Original from partition p0"), (11, "Original from partition p1"), (12, "Original from partition p1"), (13, "Original from partition p1"), (14, "Original from partition p1"), (21, "Original from partition p1"), (22, "Original from partition p1"), (23, "Original from partition p1"), (24, "Original from partition p1");
# d,exchange_partition_fail_5: BEFORE failure
db.opt
t1#P#p0.MYD
t1#P#p0.MYI
t1#P#p1.MYD
t1#P#p1.MYI
t1.frm
t1.par
t2.MYD
t2.MYI
t2.frm
SHOW CREATE TABLE t1;
Table	Create Table
t1	CREATE TABLE `t1` (
  `a` int(11) DEFAULT NULL,
  `b` varchar(64) DEFAULT NULL
) ENGINE=MyISAM DEFAULT CHARSET=latin1 COLLATE=latin1_swedish_ci
 PARTITION BY RANGE (`a`)
(PARTITION `p0` VALUES LESS THAN (10) ENGINE = MyISAM,
 PARTITION `p1` VALUES LESS THAN MAXVALUE ENGINE = MyISAM)
SELECT * FROM t1;
a	b
1	Original from partition p0
11	Original from partition p1
12	Original from partition p1
13	Original from partition p1
14	Original from partition p1
2	Original from partition p0
21	Original from partition p1
22	Original from partition p1
23	Original from partition p1
24	Original from partition p1
3	Original from partition p0
4	Original from partition p0
ALTER TABLE t1 EXCHANGE PARTITION p0 WITH TABLE t2;
ERROR HY000: Error on rename of './test/t1#P#p0' to './test/t2' (errno: 0 "Internal error/check (Not system error)")
# d,exchange_partition_fail_5: AFTER failure
show warnings;
Level	Code	Message
Error	1025	Error on rename of './test/t1#P#p0' to './test/t2' (errno: 0 "Internal error/check (Not system error)")
db.opt
t1#P#p0.MYD
t1#P#p0.MYI
t1#P#p1.MYD
t1#P#p1.MYI
t1.frm
t1.par
t2.MYD
t2.MYI
t2.frm
SHOW CREATE TABLE t1;
Table	Create Table
t1	CREATE TABLE `t1` (
  `a` int(11) DEFAULT NULL,
  `b` varchar(64) DEFAULT NULL
) ENGINE=MyISAM DEFAULT CHARSET=latin1 COLLATE=latin1_swedish_ci
 PARTITION BY RANGE (`a`)
(PARTITION `p0` VALUES LESS THAN (10) ENGINE = MyISAM,
 PARTITION `p1` VALUES LESS THAN MAXVALUE ENGINE = MyISAM)
SELECT * FROM t1;
a	b
1	Original from partition p0
11	Original from partition p1
12	Original from partition p1
13	Original from partition p1
14	Original from partition p1
2	Original from partition p0
21	Original from partition p1
22	Original from partition p1
23	Original from partition p1
24	Original from partition p1
3	Original from partition p0
4	Original from partition p0
SHOW CREATE TABLE t2;
Table	Create Table
t2	CREATE TABLE `t2` (
  `a` int(11) DEFAULT NULL,
  `b` varchar(64) DEFAULT NULL
) ENGINE=MyISAM DEFAULT CHARSET=latin1 COLLATE=latin1_swedish_ci
SELECT * FROM t2;
a	b
5	Original from table t2
6	Original from table t2
7	Original from table t2
8	Original from table t2
DROP TABLE t1;
DROP TABLE t2;
CREATE TABLE t2 (a INT, b VARCHAR(64));
INSERT INTO t2 VALUES (5, "Original from table t2"), (6, "Original from table t2"), (7, "Original from table t2"), (8, "Original from table t2");
CREATE TABLE t1 (a INT, b VARCHAR(64)) PARTITION BY RANGE (a)
(PARTITION p0 VALUES LESS THAN (10),
PARTITION p1 VALUES LESS THAN MAXVALUE);
INSERT INTO t1 VALUES (1, "Original from partition p0"), (2, "Original from partition p0"), (3, "Original from partition p0"), (4, "Original from partition p0"), (11, "Original from partition p1"), (12, "Original from partition p1"), (13, "Original from partition p1"), (14, "Original from partition p1"), (21, "Original from partition p1"), (22, "Original from partition p1"), (23, "Original from partition p1"), (24, "Original from partition p1");
# d,exchange_partition_fail_5: BEFORE failure (under LOCK TABLE)
db.opt
t1#P#p0.MYD
t1#P#p0.MYI
t1#P#p1.MYD
t1#P#p1.MYI
t1.frm
t1.par
t2.MYD
t2.MYI
t2.frm
SHOW CREATE TABLE t1;
Table	Create Table
t1	CREATE TABLE `t1` (
  `a` int(11) DEFAULT NULL,
  `b` varchar(64) DEFAULT NULL
) ENGINE=MyISAM DEFAULT CHARSET=latin1 COLLATE=latin1_swedish_ci
 PARTITION BY RANGE (`a`)
(PARTITION `p0` VALUES LESS THAN (10) ENGINE = MyISAM,
 PARTITION `p1` VALUES LESS THAN MAXVALUE ENGINE = MyISAM)
SELECT * FROM t1;
a	b
1	Original from partition p0
11	Original from partition p1
12	Original from partition p1
13	Original from partition p1
14	Original from partition p1
2	Original from partition p0
21	Original from partition p1
22	Original from partition p1
23	Original from partition p1
24	Original from partition p1
3	Original from partition p0
4	Original from partition p0
LOCK TABLES t1 WRITE, t2 WRITE;
ALTER TABLE t1 EXCHANGE PARTITION p0 WITH TABLE t2;
ERROR HY000: Error on rename of './test/t1#P#p0' to './test/t2' (errno: 0 "Internal error/check (Not system error)")
# d,exchange_partition_fail_5: AFTER failure (under LOCK TABLE)
show warnings;
Level	Code	Message
Error	1025	Error on rename of './test/t1#P#p0' to './test/t2' (errno: 0 "Internal error/check (Not system error)")
db.opt
t1#P#p0.MYD
t1#P#p0.MYI
t1#P#p1.MYD
t1#P#p1.MYI
t1.frm
t1.par
t2.MYD
t2.MYI
t2.frm
SHOW CREATE TABLE t1;
Table	Create Table
t1	CREATE TABLE `t1` (
  `a` int(11) DEFAULT NULL,
  `b` varchar(64) DEFAULT NULL
) ENGINE=MyISAM DEFAULT CHARSET=latin1 COLLATE=latin1_swedish_ci
 PARTITION BY RANGE (`a`)
(PARTITION `p0` VALUES LESS THAN (10) ENGINE = MyISAM,
 PARTITION `p1` VALUES LESS THAN MAXVALUE ENGINE = MyISAM)
SELECT * FROM t1;
a	b
1	Original from partition p0
11	Original from partition p1
12	Original from partition p1
13	Original from partition p1
14	Original from partition p1
2	Original from partition p0
21	Original from partition p1
22	Original from partition p1
23	Original from partition p1
24	Original from partition p1
3	Original from partition p0
4	Original from partition p0
SHOW CREATE TABLE t2;
Table	Create Table
t2	CREATE TABLE `t2` (
  `a` int(11) DEFAULT NULL,
  `b` varchar(64) DEFAULT NULL
) ENGINE=MyISAM DEFAULT CHARSET=latin1 COLLATE=latin1_swedish_ci
SELECT * FROM t2;
a	b
5	Original from table t2
6	Original from table t2
7	Original from table t2
8	Original from table t2
UNLOCK TABLES;
DROP TABLE t1;
DROP TABLE t2;
SET SESSION debug_dbug=@save_dbug;
SET SESSION debug_dbug="+d,exchange_partition_fail_6";
CREATE TABLE t2 (a INT, b VARCHAR(64));
INSERT INTO t2 VALUES (5, "Original from table t2"), (6, "Original from table t2"), (7, "Original from table t2"), (8, "Original from table t2");
CREATE TABLE t1 (a INT, b VARCHAR(64)) PARTITION BY RANGE (a)
(PARTITION p0 VALUES LESS THAN (10),
PARTITION p1 VALUES LESS THAN MAXVALUE);
INSERT INTO t1 VALUES (1, "Original from partition p0"), (2, "Original from partition p0"), (3, "Original from partition p0"), (4, "Original from partition p0"), (11, "Original from partition p1"), (12, "Original from partition p1"), (13, "Original from partition p1"), (14, "Original from partition p1"), (21, "Original from partition p1"), (22, "Original from partition p1"), (23, "Original from partition p1"), (24, "Original from partition p1");
# d,exchange_partition_fail_6: BEFORE failure
db.opt
t1#P#p0.MYD
t1#P#p0.MYI
t1#P#p1.MYD
t1#P#p1.MYI
t1.frm
t1.par
t2.MYD
t2.MYI
t2.frm
SHOW CREATE TABLE t1;
Table	Create Table
t1	CREATE TABLE `t1` (
  `a` int(11) DEFAULT NULL,
  `b` varchar(64) DEFAULT NULL
) ENGINE=MyISAM DEFAULT CHARSET=latin1 COLLATE=latin1_swedish_ci
 PARTITION BY RANGE (`a`)
(PARTITION `p0` VALUES LESS THAN (10) ENGINE = MyISAM,
 PARTITION `p1` VALUES LESS THAN MAXVALUE ENGINE = MyISAM)
SELECT * FROM t1;
a	b
1	Original from partition p0
11	Original from partition p1
12	Original from partition p1
13	Original from partition p1
14	Original from partition p1
2	Original from partition p0
21	Original from partition p1
22	Original from partition p1
23	Original from partition p1
24	Original from partition p1
3	Original from partition p0
4	Original from partition p0
ALTER TABLE t1 EXCHANGE PARTITION p0 WITH TABLE t2;
ERROR HY000: Error in DDL log
# d,exchange_partition_fail_6: AFTER failure
show warnings;
Level	Code	Message
Error	1565	Error in DDL log
db.opt
t1#P#p0.MYD
t1#P#p0.MYI
t1#P#p1.MYD
t1#P#p1.MYI
t1.frm
t1.par
t2.MYD
t2.MYI
t2.frm
SHOW CREATE TABLE t1;
Table	Create Table
t1	CREATE TABLE `t1` (
  `a` int(11) DEFAULT NULL,
  `b` varchar(64) DEFAULT NULL
) ENGINE=MyISAM DEFAULT CHARSET=latin1 COLLATE=latin1_swedish_ci
 PARTITION BY RANGE (`a`)
(PARTITION `p0` VALUES LESS THAN (10) ENGINE = MyISAM,
 PARTITION `p1` VALUES LESS THAN MAXVALUE ENGINE = MyISAM)
SELECT * FROM t1;
a	b
1	Original from partition p0
11	Original from partition p1
12	Original from partition p1
13	Original from partition p1
14	Original from partition p1
2	Original from partition p0
21	Original from partition p1
22	Original from partition p1
23	Original from partition p1
24	Original from partition p1
3	Original from partition p0
4	Original from partition p0
SHOW CREATE TABLE t2;
Table	Create Table
t2	CREATE TABLE `t2` (
  `a` int(11) DEFAULT NULL,
  `b` varchar(64) DEFAULT NULL
) ENGINE=MyISAM DEFAULT CHARSET=latin1 COLLATE=latin1_swedish_ci
SELECT * FROM t2;
a	b
5	Original from table t2
6	Original from table t2
7	Original from table t2
8	Original from table t2
DROP TABLE t1;
DROP TABLE t2;
CREATE TABLE t2 (a INT, b VARCHAR(64));
INSERT INTO t2 VALUES (5, "Original from table t2"), (6, "Original from table t2"), (7, "Original from table t2"), (8, "Original from table t2");
CREATE TABLE t1 (a INT, b VARCHAR(64)) PARTITION BY RANGE (a)
(PARTITION p0 VALUES LESS THAN (10),
PARTITION p1 VALUES LESS THAN MAXVALUE);
INSERT INTO t1 VALUES (1, "Original from partition p0"), (2, "Original from partition p0"), (3, "Original from partition p0"), (4, "Original from partition p0"), (11, "Original from partition p1"), (12, "Original from partition p1"), (13, "Original from partition p1"), (14, "Original from partition p1"), (21, "Original from partition p1"), (22, "Original from partition p1"), (23, "Original from partition p1"), (24, "Original from partition p1");
# d,exchange_partition_fail_6: BEFORE failure (under LOCK TABLE)
db.opt
t1#P#p0.MYD
t1#P#p0.MYI
t1#P#p1.MYD
t1#P#p1.MYI
t1.frm
t1.par
t2.MYD
t2.MYI
t2.frm
SHOW CREATE TABLE t1;
Table	Create Table
t1	CREATE TABLE `t1` (
  `a` int(11) DEFAULT NULL,
  `b` varchar(64) DEFAULT NULL
) ENGINE=MyISAM DEFAULT CHARSET=latin1 COLLATE=latin1_swedish_ci
 PARTITION BY RANGE (`a`)
(PARTITION `p0` VALUES LESS THAN (10) ENGINE = MyISAM,
 PARTITION `p1` VALUES LESS THAN MAXVALUE ENGINE = MyISAM)
SELECT * FROM t1;
a	b
1	Original from partition p0
11	Original from partition p1
12	Original from partition p1
13	Original from partition p1
14	Original from partition p1
2	Original from partition p0
21	Original from partition p1
22	Original from partition p1
23	Original from partition p1
24	Original from partition p1
3	Original from partition p0
4	Original from partition p0
LOCK TABLES t1 WRITE, t2 WRITE;
ALTER TABLE t1 EXCHANGE PARTITION p0 WITH TABLE t2;
ERROR HY000: Error in DDL log
# d,exchange_partition_fail_6: AFTER failure (under LOCK TABLE)
show warnings;
Level	Code	Message
Error	1565	Error in DDL log
db.opt
t1#P#p0.MYD
t1#P#p0.MYI
t1#P#p1.MYD
t1#P#p1.MYI
t1.frm
t1.par
t2.MYD
t2.MYI
t2.frm
SHOW CREATE TABLE t1;
Table	Create Table
t1	CREATE TABLE `t1` (
  `a` int(11) DEFAULT NULL,
  `b` varchar(64) DEFAULT NULL
) ENGINE=MyISAM DEFAULT CHARSET=latin1 COLLATE=latin1_swedish_ci
 PARTITION BY RANGE (`a`)
(PARTITION `p0` VALUES LESS THAN (10) ENGINE = MyISAM,
 PARTITION `p1` VALUES LESS THAN MAXVALUE ENGINE = MyISAM)
SELECT * FROM t1;
a	b
1	Original from partition p0
11	Original from partition p1
12	Original from partition p1
13	Original from partition p1
14	Original from partition p1
2	Original from partition p0
21	Original from partition p1
22	Original from partition p1
23	Original from partition p1
24	Original from partition p1
3	Original from partition p0
4	Original from partition p0
SHOW CREATE TABLE t2;
Table	Create Table
t2	CREATE TABLE `t2` (
  `a` int(11) DEFAULT NULL,
  `b` varchar(64) DEFAULT NULL
) ENGINE=MyISAM DEFAULT CHARSET=latin1 COLLATE=latin1_swedish_ci
SELECT * FROM t2;
a	b
5	Original from table t2
6	Original from table t2
7	Original from table t2
8	Original from table t2
UNLOCK TABLES;
DROP TABLE t1;
DROP TABLE t2;
SET SESSION debug_dbug=@save_dbug;
SET SESSION debug_dbug="+d,exchange_partition_fail_7";
CREATE TABLE t2 (a INT, b VARCHAR(64));
INSERT INTO t2 VALUES (5, "Original from table t2"), (6, "Original from table t2"), (7, "Original from table t2"), (8, "Original from table t2");
CREATE TABLE t1 (a INT, b VARCHAR(64)) PARTITION BY RANGE (a)
(PARTITION p0 VALUES LESS THAN (10),
PARTITION p1 VALUES LESS THAN MAXVALUE);
INSERT INTO t1 VALUES (1, "Original from partition p0"), (2, "Original from partition p0"), (3, "Original from partition p0"), (4, "Original from partition p0"), (11, "Original from partition p1"), (12, "Original from partition p1"), (13, "Original from partition p1"), (14, "Original from partition p1"), (21, "Original from partition p1"), (22, "Original from partition p1"), (23, "Original from partition p1"), (24, "Original from partition p1");
# d,exchange_partition_fail_7: BEFORE failure
db.opt
t1#P#p0.MYD
t1#P#p0.MYI
t1#P#p1.MYD
t1#P#p1.MYI
t1.frm
t1.par
t2.MYD
t2.MYI
t2.frm
SHOW CREATE TABLE t1;
Table	Create Table
t1	CREATE TABLE `t1` (
  `a` int(11) DEFAULT NULL,
  `b` varchar(64) DEFAULT NULL
) ENGINE=MyISAM DEFAULT CHARSET=latin1 COLLATE=latin1_swedish_ci
 PARTITION BY RANGE (`a`)
(PARTITION `p0` VALUES LESS THAN (10) ENGINE = MyISAM,
 PARTITION `p1` VALUES LESS THAN MAXVALUE ENGINE = MyISAM)
SELECT * FROM t1;
a	b
1	Original from partition p0
11	Original from partition p1
12	Original from partition p1
13	Original from partition p1
14	Original from partition p1
2	Original from partition p0
21	Original from partition p1
22	Original from partition p1
23	Original from partition p1
24	Original from partition p1
3	Original from partition p0
4	Original from partition p0
ALTER TABLE t1 EXCHANGE PARTITION p0 WITH TABLE t2;
ERROR HY000: Error on rename of '#TMP' to './test/t1#P#p0' (errno: 0 "Internal error/check (Not system error)")
# d,exchange_partition_fail_7: AFTER failure
show warnings;
Level	Code	Message
Error	1025	Error on rename of '#TMP' to './test/t1#P#p0' (errno: 0 "Internal error/check (Not system error)")
db.opt
t1#P#p0.MYD
t1#P#p0.MYI
t1#P#p1.MYD
t1#P#p1.MYI
t1.frm
t1.par
t2.MYD
t2.MYI
t2.frm
SHOW CREATE TABLE t1;
Table	Create Table
t1	CREATE TABLE `t1` (
  `a` int(11) DEFAULT NULL,
  `b` varchar(64) DEFAULT NULL
) ENGINE=MyISAM DEFAULT CHARSET=latin1 COLLATE=latin1_swedish_ci
 PARTITION BY RANGE (`a`)
(PARTITION `p0` VALUES LESS THAN (10) ENGINE = MyISAM,
 PARTITION `p1` VALUES LESS THAN MAXVALUE ENGINE = MyISAM)
SELECT * FROM t1;
a	b
1	Original from partition p0
11	Original from partition p1
12	Original from partition p1
13	Original from partition p1
14	Original from partition p1
2	Original from partition p0
21	Original from partition p1
22	Original from partition p1
23	Original from partition p1
24	Original from partition p1
3	Original from partition p0
4	Original from partition p0
SHOW CREATE TABLE t2;
Table	Create Table
t2	CREATE TABLE `t2` (
  `a` int(11) DEFAULT NULL,
  `b` varchar(64) DEFAULT NULL
) ENGINE=MyISAM DEFAULT CHARSET=latin1 COLLATE=latin1_swedish_ci
SELECT * FROM t2;
a	b
5	Original from table t2
6	Original from table t2
7	Original from table t2
8	Original from table t2
DROP TABLE t1;
DROP TABLE t2;
CREATE TABLE t2 (a INT, b VARCHAR(64));
INSERT INTO t2 VALUES (5, "Original from table t2"), (6, "Original from table t2"), (7, "Original from table t2"), (8, "Original from table t2");
CREATE TABLE t1 (a INT, b VARCHAR(64)) PARTITION BY RANGE (a)
(PARTITION p0 VALUES LESS THAN (10),
PARTITION p1 VALUES LESS THAN MAXVALUE);
INSERT INTO t1 VALUES (1, "Original from partition p0"), (2, "Original from partition p0"), (3, "Original from partition p0"), (4, "Original from partition p0"), (11, "Original from partition p1"), (12, "Original from partition p1"), (13, "Original from partition p1"), (14, "Original from partition p1"), (21, "Original from partition p1"), (22, "Original from partition p1"), (23, "Original from partition p1"), (24, "Original from partition p1");
# d,exchange_partition_fail_7: BEFORE failure (under LOCK TABLE)
db.opt
t1#P#p0.MYD
t1#P#p0.MYI
t1#P#p1.MYD
t1#P#p1.MYI
t1.frm
t1.par
t2.MYD
t2.MYI
t2.frm
SHOW CREATE TABLE t1;
Table	Create Table
t1	CREATE TABLE `t1` (
  `a` int(11) DEFAULT NULL,
  `b` varchar(64) DEFAULT NULL
) ENGINE=MyISAM DEFAULT CHARSET=latin1 COLLATE=latin1_swedish_ci
 PARTITION BY RANGE (`a`)
(PARTITION `p0` VALUES LESS THAN (10) ENGINE = MyISAM,
 PARTITION `p1` VALUES LESS THAN MAXVALUE ENGINE = MyISAM)
SELECT * FROM t1;
a	b
1	Original from partition p0
11	Original from partition p1
12	Original from partition p1
13	Original from partition p1
14	Original from partition p1
2	Original from partition p0
21	Original from partition p1
22	Original from partition p1
23	Original from partition p1
24	Original from partition p1
3	Original from partition p0
4	Original from partition p0
LOCK TABLES t1 WRITE, t2 WRITE;
ALTER TABLE t1 EXCHANGE PARTITION p0 WITH TABLE t2;
ERROR HY000: Error on rename of '#TMP' to './test/t1#P#p0' (errno: 0 "Internal error/check (Not system error)")
# d,exchange_partition_fail_7: AFTER failure (under LOCK TABLE)
show warnings;
Level	Code	Message
Error	1025	Error on rename of '#TMP' to './test/t1#P#p0' (errno: 0 "Internal error/check (Not system error)")
db.opt
t1#P#p0.MYD
t1#P#p0.MYI
t1#P#p1.MYD
t1#P#p1.MYI
t1.frm
t1.par
t2.MYD
t2.MYI
t2.frm
SHOW CREATE TABLE t1;
Table	Create Table
t1	CREATE TABLE `t1` (
  `a` int(11) DEFAULT NULL,
  `b` varchar(64) DEFAULT NULL
) ENGINE=MyISAM DEFAULT CHARSET=latin1 COLLATE=latin1_swedish_ci
 PARTITION BY RANGE (`a`)
(PARTITION `p0` VALUES LESS THAN (10) ENGINE = MyISAM,
 PARTITION `p1` VALUES LESS THAN MAXVALUE ENGINE = MyISAM)
SELECT * FROM t1;
a	b
1	Original from partition p0
11	Original from partition p1
12	Original from partition p1
13	Original from partition p1
14	Original from partition p1
2	Original from partition p0
21	Original from partition p1
22	Original from partition p1
23	Original from partition p1
24	Original from partition p1
3	Original from partition p0
4	Original from partition p0
SHOW CREATE TABLE t2;
Table	Create Table
t2	CREATE TABLE `t2` (
  `a` int(11) DEFAULT NULL,
  `b` varchar(64) DEFAULT NULL
) ENGINE=MyISAM DEFAULT CHARSET=latin1 COLLATE=latin1_swedish_ci
SELECT * FROM t2;
a	b
5	Original from table t2
6	Original from table t2
7	Original from table t2
8	Original from table t2
UNLOCK TABLES;
DROP TABLE t1;
DROP TABLE t2;
SET SESSION debug_dbug=@save_dbug;
SET SESSION debug_dbug="+d,exchange_partition_fail_8";
CREATE TABLE t2 (a INT, b VARCHAR(64));
INSERT INTO t2 VALUES (5, "Original from table t2"), (6, "Original from table t2"), (7, "Original from table t2"), (8, "Original from table t2");
CREATE TABLE t1 (a INT, b VARCHAR(64)) PARTITION BY RANGE (a)
(PARTITION p0 VALUES LESS THAN (10),
PARTITION p1 VALUES LESS THAN MAXVALUE);
INSERT INTO t1 VALUES (1, "Original from partition p0"), (2, "Original from partition p0"), (3, "Original from partition p0"), (4, "Original from partition p0"), (11, "Original from partition p1"), (12, "Original from partition p1"), (13, "Original from partition p1"), (14, "Original from partition p1"), (21, "Original from partition p1"), (22, "Original from partition p1"), (23, "Original from partition p1"), (24, "Original from partition p1");
# d,exchange_partition_fail_8: BEFORE failure
db.opt
t1#P#p0.MYD
t1#P#p0.MYI
t1#P#p1.MYD
t1#P#p1.MYI
t1.frm
t1.par
t2.MYD
t2.MYI
t2.frm
SHOW CREATE TABLE t1;
Table	Create Table
t1	CREATE TABLE `t1` (
  `a` int(11) DEFAULT NULL,
  `b` varchar(64) DEFAULT NULL
) ENGINE=MyISAM DEFAULT CHARSET=latin1 COLLATE=latin1_swedish_ci
 PARTITION BY RANGE (`a`)
(PARTITION `p0` VALUES LESS THAN (10) ENGINE = MyISAM,
 PARTITION `p1` VALUES LESS THAN MAXVALUE ENGINE = MyISAM)
SELECT * FROM t1;
a	b
1	Original from partition p0
11	Original from partition p1
12	Original from partition p1
13	Original from partition p1
14	Original from partition p1
2	Original from partition p0
21	Original from partition p1
22	Original from partition p1
23	Original from partition p1
24	Original from partition p1
3	Original from partition p0
4	Original from partition p0
ALTER TABLE t1 EXCHANGE PARTITION p0 WITH TABLE t2;
ERROR HY000: Error in DDL log
# d,exchange_partition_fail_8: AFTER failure
show warnings;
Level	Code	Message
Error	1565	Error in DDL log
db.opt
t1#P#p0.MYD
t1#P#p0.MYI
t1#P#p1.MYD
t1#P#p1.MYI
t1.frm
t1.par
t2.MYD
t2.MYI
t2.frm
SHOW CREATE TABLE t1;
Table	Create Table
t1	CREATE TABLE `t1` (
  `a` int(11) DEFAULT NULL,
  `b` varchar(64) DEFAULT NULL
) ENGINE=MyISAM DEFAULT CHARSET=latin1 COLLATE=latin1_swedish_ci
 PARTITION BY RANGE (`a`)
(PARTITION `p0` VALUES LESS THAN (10) ENGINE = MyISAM,
 PARTITION `p1` VALUES LESS THAN MAXVALUE ENGINE = MyISAM)
SELECT * FROM t1;
a	b
1	Original from partition p0
11	Original from partition p1
12	Original from partition p1
13	Original from partition p1
14	Original from partition p1
2	Original from partition p0
21	Original from partition p1
22	Original from partition p1
23	Original from partition p1
24	Original from partition p1
3	Original from partition p0
4	Original from partition p0
SHOW CREATE TABLE t2;
Table	Create Table
t2	CREATE TABLE `t2` (
  `a` int(11) DEFAULT NULL,
  `b` varchar(64) DEFAULT NULL
) ENGINE=MyISAM DEFAULT CHARSET=latin1 COLLATE=latin1_swedish_ci
SELECT * FROM t2;
a	b
5	Original from table t2
6	Original from table t2
7	Original from table t2
8	Original from table t2
DROP TABLE t1;
DROP TABLE t2;
CREATE TABLE t2 (a INT, b VARCHAR(64));
INSERT INTO t2 VALUES (5, "Original from table t2"), (6, "Original from table t2"), (7, "Original from table t2"), (8, "Original from table t2");
CREATE TABLE t1 (a INT, b VARCHAR(64)) PARTITION BY RANGE (a)
(PARTITION p0 VALUES LESS THAN (10),
PARTITION p1 VALUES LESS THAN MAXVALUE);
INSERT INTO t1 VALUES (1, "Original from partition p0"), (2, "Original from partition p0"), (3, "Original from partition p0"), (4, "Original from partition p0"), (11, "Original from partition p1"), (12, "Original from partition p1"), (13, "Original from partition p1"), (14, "Original from partition p1"), (21, "Original from partition p1"), (22, "Original from partition p1"), (23, "Original from partition p1"), (24, "Original from partition p1");
# d,exchange_partition_fail_8: BEFORE failure (under LOCK TABLE)
db.opt
t1#P#p0.MYD
t1#P#p0.MYI
t1#P#p1.MYD
t1#P#p1.MYI
t1.frm
t1.par
t2.MYD
t2.MYI
t2.frm
SHOW CREATE TABLE t1;
Table	Create Table
t1	CREATE TABLE `t1` (
  `a` int(11) DEFAULT NULL,
  `b` varchar(64) DEFAULT NULL
) ENGINE=MyISAM DEFAULT CHARSET=latin1 COLLATE=latin1_swedish_ci
 PARTITION BY RANGE (`a`)
(PARTITION `p0` VALUES LESS THAN (10) ENGINE = MyISAM,
 PARTITION `p1` VALUES LESS THAN MAXVALUE ENGINE = MyISAM)
SELECT * FROM t1;
a	b
1	Original from partition p0
11	Original from partition p1
12	Original from partition p1
13	Original from partition p1
14	Original from partition p1
2	Original from partition p0
21	Original from partition p1
22	Original from partition p1
23	Original from partition p1
24	Original from partition p1
3	Original from partition p0
4	Original from partition p0
LOCK TABLES t1 WRITE, t2 WRITE;
ALTER TABLE t1 EXCHANGE PARTITION p0 WITH TABLE t2;
ERROR HY000: Error in DDL log
# d,exchange_partition_fail_8: AFTER failure (under LOCK TABLE)
show warnings;
Level	Code	Message
Error	1565	Error in DDL log
db.opt
t1#P#p0.MYD
t1#P#p0.MYI
t1#P#p1.MYD
t1#P#p1.MYI
t1.frm
t1.par
t2.MYD
t2.MYI
t2.frm
SHOW CREATE TABLE t1;
Table	Create Table
t1	CREATE TABLE `t1` (
  `a` int(11) DEFAULT NULL,
  `b` varchar(64) DEFAULT NULL
) ENGINE=MyISAM DEFAULT CHARSET=latin1 COLLATE=latin1_swedish_ci
 PARTITION BY RANGE (`a`)
(PARTITION `p0` VALUES LESS THAN (10) ENGINE = MyISAM,
 PARTITION `p1` VALUES LESS THAN MAXVALUE ENGINE = MyISAM)
SELECT * FROM t1;
a	b
1	Original from partition p0
11	Original from partition p1
12	Original from partition p1
13	Original from partition p1
14	Original from partition p1
2	Original from partition p0
21	Original from partition p1
22	Original from partition p1
23	Original from partition p1
24	Original from partition p1
3	Original from partition p0
4	Original from partition p0
SHOW CREATE TABLE t2;
Table	Create Table
t2	CREATE TABLE `t2` (
  `a` int(11) DEFAULT NULL,
  `b` varchar(64) DEFAULT NULL
) ENGINE=MyISAM DEFAULT CHARSET=latin1 COLLATE=latin1_swedish_ci
SELECT * FROM t2;
a	b
5	Original from table t2
6	Original from table t2
7	Original from table t2
8	Original from table t2
UNLOCK TABLES;
DROP TABLE t1;
DROP TABLE t2;
SET SESSION debug_dbug=@save_dbug;
SET SESSION debug_dbug="+d,exchange_partition_fail_9";
CREATE TABLE t2 (a INT, b VARCHAR(64));
INSERT INTO t2 VALUES (5, "Original from table t2"), (6, "Original from table t2"), (7, "Original from table t2"), (8, "Original from table t2");
CREATE TABLE t1 (a INT, b VARCHAR(64)) PARTITION BY RANGE (a)
(PARTITION p0 VALUES LESS THAN (10),
PARTITION p1 VALUES LESS THAN MAXVALUE);
INSERT INTO t1 VALUES (1, "Original from partition p0"), (2, "Original from partition p0"), (3, "Original from partition p0"), (4, "Original from partition p0"), (11, "Original from partition p1"), (12, "Original from partition p1"), (13, "Original from partition p1"), (14, "Original from partition p1"), (21, "Original from partition p1"), (22, "Original from partition p1"), (23, "Original from partition p1"), (24, "Original from partition p1");
# d,exchange_partition_fail_9: BEFORE failure
db.opt
t1#P#p0.MYD
t1#P#p0.MYI
t1#P#p1.MYD
t1#P#p1.MYI
t1.frm
t1.par
t2.MYD
t2.MYI
t2.frm
SHOW CREATE TABLE t1;
Table	Create Table
t1	CREATE TABLE `t1` (
  `a` int(11) DEFAULT NULL,
  `b` varchar(64) DEFAULT NULL
) ENGINE=MyISAM DEFAULT CHARSET=latin1 COLLATE=latin1_swedish_ci
 PARTITION BY RANGE (`a`)
(PARTITION `p0` VALUES LESS THAN (10) ENGINE = MyISAM,
 PARTITION `p1` VALUES LESS THAN MAXVALUE ENGINE = MyISAM)
SELECT * FROM t1;
a	b
1	Original from partition p0
11	Original from partition p1
12	Original from partition p1
13	Original from partition p1
14	Original from partition p1
2	Original from partition p0
21	Original from partition p1
22	Original from partition p1
23	Original from partition p1
24	Original from partition p1
3	Original from partition p0
4	Original from partition p0
ALTER TABLE t1 EXCHANGE PARTITION p0 WITH TABLE t2;
ERROR HY000: Error in DDL log
# d,exchange_partition_fail_9: AFTER failure
show warnings;
Level	Code	Message
Error	1565	Error in DDL log
db.opt
t1#P#p0.MYD
t1#P#p0.MYI
t1#P#p1.MYD
t1#P#p1.MYI
t1.frm
t1.par
t2.MYD
t2.MYI
t2.frm
SHOW CREATE TABLE t1;
Table	Create Table
t1	CREATE TABLE `t1` (
  `a` int(11) DEFAULT NULL,
  `b` varchar(64) DEFAULT NULL
) ENGINE=MyISAM DEFAULT CHARSET=latin1 COLLATE=latin1_swedish_ci
 PARTITION BY RANGE (`a`)
(PARTITION `p0` VALUES LESS THAN (10) ENGINE = MyISAM,
 PARTITION `p1` VALUES LESS THAN MAXVALUE ENGINE = MyISAM)
SELECT * FROM t1;
a	b
11	Original from partition p1
12	Original from partition p1
13	Original from partition p1
14	Original from partition p1
21	Original from partition p1
22	Original from partition p1
23	Original from partition p1
24	Original from partition p1
5	Original from table t2
6	Original from table t2
7	Original from table t2
8	Original from table t2
SHOW CREATE TABLE t2;
Table	Create Table
t2	CREATE TABLE `t2` (
  `a` int(11) DEFAULT NULL,
  `b` varchar(64) DEFAULT NULL
) ENGINE=MyISAM DEFAULT CHARSET=latin1 COLLATE=latin1_swedish_ci
SELECT * FROM t2;
a	b
1	Original from partition p0
2	Original from partition p0
3	Original from partition p0
4	Original from partition p0
DROP TABLE t1;
DROP TABLE t2;
CREATE TABLE t2 (a INT, b VARCHAR(64));
INSERT INTO t2 VALUES (5, "Original from table t2"), (6, "Original from table t2"), (7, "Original from table t2"), (8, "Original from table t2");
CREATE TABLE t1 (a INT, b VARCHAR(64)) PARTITION BY RANGE (a)
(PARTITION p0 VALUES LESS THAN (10),
PARTITION p1 VALUES LESS THAN MAXVALUE);
INSERT INTO t1 VALUES (1, "Original from partition p0"), (2, "Original from partition p0"), (3, "Original from partition p0"), (4, "Original from partition p0"), (11, "Original from partition p1"), (12, "Original from partition p1"), (13, "Original from partition p1"), (14, "Original from partition p1"), (21, "Original from partition p1"), (22, "Original from partition p1"), (23, "Original from partition p1"), (24, "Original from partition p1");
# d,exchange_partition_fail_9: BEFORE failure (under LOCK TABLE)
db.opt
t1#P#p0.MYD
t1#P#p0.MYI
t1#P#p1.MYD
t1#P#p1.MYI
t1.frm
t1.par
t2.MYD
t2.MYI
t2.frm
SHOW CREATE TABLE t1;
Table	Create Table
t1	CREATE TABLE `t1` (
  `a` int(11) DEFAULT NULL,
  `b` varchar(64) DEFAULT NULL
) ENGINE=MyISAM DEFAULT CHARSET=latin1 COLLATE=latin1_swedish_ci
 PARTITION BY RANGE (`a`)
(PARTITION `p0` VALUES LESS THAN (10) ENGINE = MyISAM,
 PARTITION `p1` VALUES LESS THAN MAXVALUE ENGINE = MyISAM)
SELECT * FROM t1;
a	b
1	Original from partition p0
11	Original from partition p1
12	Original from partition p1
13	Original from partition p1
14	Original from partition p1
2	Original from partition p0
21	Original from partition p1
22	Original from partition p1
23	Original from partition p1
24	Original from partition p1
3	Original from partition p0
4	Original from partition p0
LOCK TABLES t1 WRITE, t2 WRITE;
ALTER TABLE t1 EXCHANGE PARTITION p0 WITH TABLE t2;
ERROR HY000: Error in DDL log
# d,exchange_partition_fail_9: AFTER failure (under LOCK TABLE)
show warnings;
Level	Code	Message
Error	1565	Error in DDL log
db.opt
t1#P#p0.MYD
t1#P#p0.MYI
t1#P#p1.MYD
t1#P#p1.MYI
t1.frm
t1.par
t2.MYD
t2.MYI
t2.frm
SHOW CREATE TABLE t1;
Table	Create Table
t1	CREATE TABLE `t1` (
  `a` int(11) DEFAULT NULL,
  `b` varchar(64) DEFAULT NULL
) ENGINE=MyISAM DEFAULT CHARSET=latin1 COLLATE=latin1_swedish_ci
 PARTITION BY RANGE (`a`)
(PARTITION `p0` VALUES LESS THAN (10) ENGINE = MyISAM,
 PARTITION `p1` VALUES LESS THAN MAXVALUE ENGINE = MyISAM)
SELECT * FROM t1;
a	b
11	Original from partition p1
12	Original from partition p1
13	Original from partition p1
14	Original from partition p1
21	Original from partition p1
22	Original from partition p1
23	Original from partition p1
24	Original from partition p1
5	Original from table t2
6	Original from table t2
7	Original from table t2
8	Original from table t2
SHOW CREATE TABLE t2;
Table	Create Table
t2	CREATE TABLE `t2` (
  `a` int(11) DEFAULT NULL,
  `b` varchar(64) DEFAULT NULL
) ENGINE=MyISAM DEFAULT CHARSET=latin1 COLLATE=latin1_swedish_ci
SELECT * FROM t2;
a	b
1	Original from partition p0
2	Original from partition p0
3	Original from partition p0
4	Original from partition p0
UNLOCK TABLES;
DROP TABLE t1;
DROP TABLE t2;
SET SESSION debug_dbug=@save_dbug;
